id	huric_source_file	frame	sentence	lu	disc	lu+disc	disc2	lu+disc2
0	2170.xml	Following	follow,this,guy	1,0,0	0,0,0	1,0,0	0,0,0	1,0,0
1	2171.xml	Being_in_category	this,is,a,table,with,a,glass,deck	0,1,0,0,0,0,0,0	0,0,0,0,0,0,0,0	0,1,0,0,0,0,0,0	0,0,0,0,0,0,0,0	0,1,0,0,0,0,0,0
2	2172.xml	Searching	search,for,the,coffee,cups	1,0,0,0,0	0,0,0,0,0	1,0,0,0,0	0,0,0,0,0	1,0,0,0,0
3	2173.xml	Bringing	carry,the,book,to,my,nightstand	1,0,0,0,0,0	0,0,0,0,0,0	1,0,0,0,0,0	0,0,0,0,0,0	1,0,0,0,0,0
4	2174.xml	Motion	go,to,the,kitchen	1,0,0,0	0,0,0,0	1,0,0,0	0,0,0,0	1,0,0,0
5	2175.xml	Bringing	please,carry,the,mug,to,the,bathroom	0,1,0,0,0,0,0	0,0,0,0,0,0,0	0,1,0,0,0,0,0	0,0,0,0,0,0,0	0,1,0,0,0,0,0
6	2176.xml	Searching	please,find,the,lamp	0,1,0,0	0,0,0,0	0,1,0,0	0,0,0,0	0,1,0,0
7	2177.xml	Bringing	please,bring,the,mobile,phone,to,the,livingroom	0,1,0,0,0,0,0,0	0,0,0,0,0,0,0,0	0,1,0,0,0,0,0,0	0,0,0,0,0,0,0,0	0,1,0,0,0,0,0,0
8	2178.xml	Searching	can,you,find,the,refrigerator,for,me	0,0,1,0,0,0,0	0,0,0,0,0,0,0	0,0,1,0,0,0,0	0,0,0,0,0,0,0	0,0,1,0,0,0,0
9	2181.xml	Following	follow,the,person,with,the,blonde,hair,and,the,black,pants,fast	1,0,0,0,0,0,0,0,0,0,0,0	0,0,0,0,0,0,0,0,0,0,0,0	1,0,0,0,0,0,0,0,0,0,0,0	0,0,0,0,0,0,0,0,0,0,0,0	1,0,0,0,0,0,0,0,0,0,0,0
10	2182.xml	Motion	can,you,please,move,near,the,right,lamp	0,0,0,1,0,0,0,0	0,0,0,0,1,0,0,0	0,0,0,1,1,0,0,0	0,0,0,0,1,0,0,0	0,0,0,1,1,0,0,0
11	2183.xml	Bringing	can,you,bring,the,mug,to,the,couch,in,the,living,room	0,0,1,0,0,0,0,0,0,0,0,0	0,0,0,0,0,0,0,0,0,0,0,0	0,0,1,0,0,0,0,0,0,0,0,0	0,0,0,0,0,0,0,0,0,0,0,0	0,0,1,0,0,0,0,0,0,0,0,0
12	2184.xml	Being_located	there,are,two,sinks,in,the,kitchen	1,1,0,0,0,0,0	0,0,0,0,1,0,0	1,1,0,0,1,0,0	0,0,0,0,1,0,0	1,1,0,0,1,0,0
13	2185.xml	Bringing	bring,the,mug,to,the,kitchen	1,0,0,0,0,0	0,0,0,0,0,0	1,0,0,0,0,0	0,0,0,0,0,0	1,0,0,0,0,0
14	2186.xml	Following	follow,the,person,behind,you	1,0,0,0,0	0,0,0,0,0	1,0,0,0,0	0,0,0,0,0	1,0,0,0,0
15	2187.xml	Motion	drive,to,the,fridge	1,0,0,0	0,0,0,0	1,0,0,0	0,0,0,0	1,0,0,0
16	2188.xml	Searching	search,for,the,lamp	1,0,0,0	0,0,0,0	1,0,0,0	0,0,0,0	1,0,0,0
17	2189.xml	Following	follow,me,carefully	1,0,0	0,0,0	1,0,0	0,0,0	1,0,0
18	2190.xml	Bringing	bring,mug,to,bedroom	1,0,0,0	0,0,0,0	1,0,0,0	0,0,0,0	1,0,0,0
19	2191.xml	Searching	search,for,towel	1,0,0	0,0,0	1,0,0	0,0,0	1,0,0
20	2192.xml	Being_located	the,fridge,is,on,your,right,side	0,0,1,0,0,0,0	0,0,0,1,0,0,0	0,0,1,1,0,0,0	0,0,0,1,0,0,0	0,0,1,1,0,0,0
21	2193.xml	Motion	drive,to,kitchen	1,0,0	0,0,0	1,0,0	0,0,0	1,0,0
22	2194.xml	Following	follow,that,person	1,0,0	0,0,0	1,0,0	0,0,0	1,0,0
23	2195.xml	Placing	put,the,mug,in,the,living,room	1,0,0,0,0,0,0	0,0,0,1,0,0,0	1,0,0,1,0,0,0	0,0,0,1,0,0,0	1,0,0,1,0,0,0
24	2196.xml	Searching	find,the,wine,in,the,dining,room	1,0,0,0,0,0,0	0,0,0,0,0,0,0	1,0,0,0,0,0,0	0,0,0,0,0,0,0	1,0,0,0,0,0,0
25	2197.xml	Motion	go,to,the,bathroom	1,0,0,0	0,0,0,0	1,0,0,0	0,0,0,0	1,0,0,0
26	2198.xml	Being_located	there,are,a,lot,of,couches,in,the,living,room	1,1,0,0,0,0,0,0,0,0	0,0,0,0,0,0,1,0,0,0	1,1,0,0,0,0,1,0,0,0	0,0,0,0,0,0,1,0,0,0	1,1,0,0,0,0,1,0,0,0
27	2199.xml	Motion	go,to,the,living,room	1,0,0,0,0	0,0,0,0,0	1,0,0,0,0	0,0,0,0,0	1,0,0,0,0
28	2199.xml	Searching	find,a,drink,for,me	1,0,0,0,0	0,0,0,0,0	1,0,0,0,0	0,0,0,0,0	1,0,0,0,0
29	2200.xml	Being_located	there,is,some,bread,on,the,desk	1,1,0,0,0,0,0	0,0,0,0,1,0,0	1,1,0,0,1,0,0	0,0,0,0,1,0,0	1,1,0,0,1,0,0
30	2248.xml	Bringing	carry,the,mug,to,the,dining,room	1,0,0,0,0,0,0	0,0,0,0,0,0,0	1,0,0,0,0,0,0	0,0,0,0,0,0,0	1,0,0,0,0,0,0
31	2249.xml	Motion	can,you,please,go,to,the,living,room	0,0,0,1,0,0,0,0	0,0,0,0,0,0,0,0	0,0,0,1,0,0,0,0	0,0,0,0,0,0,0,0	0,0,0,1,0,0,0,0
32	2250.xml	Being_located	you,are,in,the,bedroom	0,1,0,0,0	0,0,1,0,0	0,1,1,0,0	0,0,1,0,0	0,1,1,0,0
33	2250.xml	Being_located	the,bed,is,between,two,lamps	0,0,1,0,0,0	0,0,0,0,0,0	0,0,1,0,0,0	0,0,0,0,0,0	0,0,1,0,0,0
34	2251.xml	Bringing	can,you,please,bring,my,phone,to,the,bathroom	0,0,0,1,0,0,0,0,0	0,0,0,0,0,0,0,0,0	0,0,0,1,0,0,0,0,0	0,0,0,0,0,0,0,0,0	0,0,0,1,0,0,0,0,0
35	2252.xml	Following	follow,the,guy,with,the,blue,jacket	1,0,0,0,0,0,0	0,0,0,0,0,0,0	1,0,0,0,0,0,0	0,0,0,0,0,0,0	1,0,0,0,0,0,0
36	2253.xml	Bringing	can,you,bring,me,the,coke,from,the,fridge	0,0,1,0,0,0,0,0,0	0,0,0,0,0,0,0,0,0	0,0,1,0,0,0,0,0,0	0,0,0,0,0,0,0,0,0	0,0,1,0,0,0,0,0,0
37	2254.xml	Being_in_category	this,is,a,bed,room	0,1,0,0,0	0,0,0,0,0	0,1,0,0,0	0,0,0,0,0	0,1,0,0,0
38	2255.xml	Following	follow,the,person,in,front,of,you	1,0,0,0,0,0,0	0,0,0,0,0,0,0	1,0,0,0,0,0,0	0,0,0,0,0,0,0	1,0,0,0,0,0,0
39	2256.xml	Motion	move,to,the,living,room	1,0,0,0,0	0,1,0,0,0	1,1,0,0,0	0,1,0,0,0	1,1,0,0,0
40	2257.xml	Bringing	bring,me,the,pillow,from,the,bed	1,0,0,0,0,0,0	0,0,0,0,0,0,0	1,0,0,0,0,0,0	0,0,0,0,0,0,0	1,0,0,0,0,0,0
41	2258.xml	Bringing	bring,the,phone,to,the,dinner,table	1,0,0,0,0,0,0	0,0,0,0,0,0,0	1,0,0,0,0,0,0	0,0,0,0,0,0,0	1,0,0,0,0,0,0
42	2259.xml	Following	please,follow,the,person,in,front,of,you	0,1,0,0,0,0,0,0	0,0,0,0,0,0,0,0	0,1,0,0,0,0,0,0	0,0,0,0,0,0,0,0	0,1,0,0,0,0,0,0
43	2260.xml	Motion	go,to,the,sofa	1,0,0,0	0,0,0,0	1,0,0,0	0,0,0,0	1,0,0,0
44	2260.xml	Searching	search,for,the,pillow	1,0,0,0	0,0,0,0	1,0,0,0	0,0,0,0	1,0,0,0
45	2261.xml	Motion	go,quickly,to,the,corner	1,0,0,0,0	0,0,0,0,0	1,0,0,0,0	0,0,0,0,0	1,0,0,0,0
46	2261.xml	Following	follow,the,skinny,person	1,0,0,0	0,0,0,0	1,0,0,0	0,0,0,0	1,0,0,0
47	2262.xml	Motion	move,to,the,lamp,on,the,right,side,of,the,bed	1,0,0,0,0,0,0,0,0,0,0	0,1,0,0,0,0,0,0,0,0,0	1,1,0,0,0,0,0,0,0,0,0	0,1,0,0,0,0,0,0,0,0,0	1,1,0,0,0,0,0,0,0,0,0
48	2263.xml	Placing	place,the,mug,on,the,sink,nearest,to,the,refrigerator	1,0,0,0,0,0,0,0,0,0	0,0,0,0,0,0,0,0,0,0	1,0,0,0,0,0,0,0,0,0	0,0,0,0,0,0,0,0,0,0	1,0,0,0,0,0,0,0,0,0
49	2264.xml	Being_located	there,is,a,bed,with,two,lamps	1,1,0,0,0,0,0	0,0,0,0,0,0,0	1,1,0,0,0,0,0	0,0,0,0,0,0,0	1,1,0,0,0,0,0
50	2265.xml	Motion	please,go,to,the,mirror	0,1,0,0,0	0,0,0,0,0	0,1,0,0,0	0,0,0,0,0	0,1,0,0,0
51	2266.xml	Searching	find,me,a,cushion	1,0,0,0	0,0,0,0	1,0,0,0	0,0,0,0	1,0,0,0
52	2267.xml	Following	go,along,with,them	1,1,0,0	0,0,0,0	1,1,0,0	0,0,0,0	1,1,0,0
53	2268.xml	Bringing	please,bring,the,mug,to,the,bedroom	0,1,0,0,0,0,0	0,0,0,0,0,0,0	0,1,0,0,0,0,0	0,0,0,0,0,0,0	0,1,0,0,0,0,0
54	2269.xml	Motion	please,go,to,the,table	0,1,0,0,0	0,0,0,0,0	0,1,0,0,0	0,0,0,0,0	0,1,0,0,0
55	2270.xml	Being_in_category	the,living,room,is,very,light,and,bright	0,0,0,1,0,0,0,0	0,0,0,0,0,0,0,0	0,0,0,1,0,0,0,0	0,0,0,0,0,0,0,0	0,0,0,1,0,0,0,0
56	2271.xml	Following	can,you,slowly,follow,my,father	0,0,0,1,0,0	0,0,0,0,0,0	0,0,0,1,0,0	0,0,0,0,0,0	0,0,0,1,0,0
57	2272.xml	Bringing	bring,the,phone,to,the,living,room	1,0,0,0,0,0,0	0,0,0,0,0,0,0	1,0,0,0,0,0,0	0,0,0,0,0,0,0	1,0,0,0,0,0,0
58	2273.xml	Taking	get,the,blue,slippers,from,the,bathroom	1,0,0,0,0,0,0	0,0,0,0,1,0,0	1,0,0,0,1,0,0	0,0,0,0,1,0,0	1,0,0,0,1,0,0
59	2274.xml	Bringing	bring,the,book,near,the,lamp	1,0,0,0,0,0	0,0,0,0,0,0	1,0,0,0,0,0	0,0,0,0,0,0	1,0,0,0,0,0
60	2275.xml	Being_located	the,bath-tub,is,on,the,left,side	0,0,1,0,0,0,0	0,0,0,1,0,0,0	0,0,1,1,0,0,0	0,0,0,1,0,0,0	0,0,1,1,0,0,0
61	2276.xml	Searching	please,find,the,flowers	0,1,0,0	0,0,0,0	0,1,0,0	0,0,0,0	0,1,0,0
62	2277.xml	Following	please,follow,me,slowly	0,1,0,0	0,0,0,0	0,1,0,0	0,0,0,0	0,1,0,0
63	2278.xml	Motion	could,you,please,go,to,the,door	0,0,0,1,0,0,0	0,0,0,0,0,0,0	0,0,0,1,0,0,0	0,0,0,0,0,0,0	0,0,0,1,0,0,0
64	2279.xml	Following	follow,me	1,0	0,0	1,0	0,0	1,0
65	2280.xml	Bringing	bring,me,my,telephone,from,the,couch	1,0,0,0,0,0,0	0,0,0,0,0,0,0	1,0,0,0,0,0,0	0,0,0,0,0,0,0	1,0,0,0,0,0,0
66	2281.xml	Being_in_category	this,is,a,very,wide,and,bright,livingroom	0,1,0,0,0,0,0,0	0,0,0,0,0,0,0,0	0,1,0,0,0,0,0,0	0,0,0,0,0,0,0,0	0,1,0,0,0,0,0,0
67	2282.xml	Bringing	bring,me,the,towel,from,the,bathroom	1,0,0,0,0,0,0	0,0,0,0,0,0,0	1,0,0,0,0,0,0	0,0,0,0,0,0,0	1,0,0,0,0,0,0
68	2283.xml	Following	please,follow,me	0,1,0	0,0,0	0,1,0	0,0,0	0,1,0
69	2285.xml	Searching	could,you,find,a,glass,in,the,dining,room	0,0,1,0,0,0,0,0,0	0,0,0,0,0,0,0,0,0	0,0,1,0,0,0,0,0,0	0,0,0,0,0,0,0,0,0	0,0,1,0,0,0,0,0,0
70	2287.xml	Motion	please,move,to,the,fridge	0,1,0,0,0	0,0,1,0,0	0,1,1,0,0	0,0,1,0,0	0,1,1,0,0
71	2288.xml	Motion	go,to,the,dining,table	1,0,0,0,0	0,0,0,0,0	1,0,0,0,0	0,0,0,0,0	1,0,0,0,0
72	2289.xml	Taking	robot,go,get,a,book,for,me	0,0,1,0,0,0,0	0,0,0,0,0,0,0	0,0,1,0,0,0,0	0,0,0,0,0,0,0	0,0,1,0,0,0,0
73	2290.xml	Being_in_category	this,is,a,bathroom,with,a,shower,bath,and,double,sink	0,1,0,0,0,0,0,0,0,0,0	0,0,0,0,0,0,0,0,0,0,0	0,1,0,0,0,0,0,0,0,0,0	0,0,0,0,0,0,0,0,0,0,0	0,1,0,0,0,0,0,0,0,0,0
74	2291.xml	Bringing	can,you,take,the,mug,to,the,coffee,table,in,the,living,room	0,0,1,0,0,0,0,0,0,0,0,0,0	0,0,0,0,0,1,0,0,0,0,0,0,0	0,0,1,0,0,1,0,0,0,0,0,0,0	0,0,0,0,0,1,0,0,0,0,0,0,0	0,0,1,0,0,1,0,0,0,0,0,0,0
75	2292.xml	Motion	can,you,go,to,the,bathroom	0,0,1,0,0,0	0,0,0,0,0,0	0,0,1,0,0,0	0,0,0,0,0,0	0,0,1,0,0,0
76	2293.xml	Following	go,follow,my,sister,around,the,house	0,1,0,0,0,0,0	0,0,0,0,0,0,0	0,1,0,0,0,0,0	0,0,0,0,0,0,0	0,1,0,0,0,0,0
77	2294.xml	Taking	can,you,grab,my,wine,glass,from,the,dining,room	0,0,1,0,0,0,0,0,0,0	0,0,0,0,0,0,0,0,0,0	0,0,1,0,0,0,0,0,0,0	0,0,0,0,0,0,0,0,0,0	0,0,1,0,0,0,0,0,0,0
78	2295.xml	Motion	can,you,go,to,the,kitchen	0,0,1,0,0,0	0,0,0,0,0,0	0,0,1,0,0,0	0,0,0,0,0,0	0,0,1,0,0,0
79	2295.xml	Bringing	bring,me,some,bread,from,the,pantry	1,0,0,0,0,0,0	0,0,0,0,0,0,0	1,0,0,0,0,0,0	0,0,0,0,0,0,0	1,0,0,0,0,0,0
80	2296.xml	Motion	go,to,the,fridge,inside,the,kitchen	1,0,0,0,0,0,0	0,0,0,0,0,0,0	1,0,0,0,0,0,0	0,0,0,0,0,0,0	1,0,0,0,0,0,0
81	2297.xml	Following	can,you,please,follow,that,guy,over,there	0,0,0,1,0,0,0,0	0,0,0,0,0,0,0,0	0,0,0,1,0,0,0,0	0,0,0,0,0,0,0,0	0,0,0,1,0,0,0,0
82	2298.xml	Taking	take,my,phone	1,0,0	0,0,0	1,0,0	0,0,0	1,0,0
83	2298.xml	Placing	place,it,on,the,bench,in,the,kitchen	1,0,0,0,0,0,0,0	0,0,0,0,0,0,0,0	1,0,0,0,0,0,0,0	0,0,0,0,0,0,0,0	1,0,0,0,0,0,0,0
84	2299.xml	Being_located	the,sink,is,in,the,kitchen	0,0,1,0,0,0	0,0,0,1,0,0	0,0,1,1,0,0	0,0,0,1,0,0	0,0,1,1,0,0
85	2300.xml	Taking	get,my,coat,from,the,closet	1,0,0,0,0,0	0,0,0,1,0,0	1,0,0,1,0,0	0,0,0,1,0,0	1,0,0,1,0,0
86	2301.xml	Following	come,with,me	1,0,0	0,1,0	1,1,0	0,1,0	1,1,0
87	2302.xml	Bringing	take,the,mug,to,the,bedroom	1,0,0,0,0,0	0,0,0,1,0,0	1,0,0,1,0,0	0,0,0,1,0,0	1,0,0,1,0,0
88	2303.xml	Searching	find,a,plate	1,0,0	0,0,0	1,0,0	0,0,0	1,0,0
89	2304.xml	Bringing	carry,this,mug,to,the,bedstand	1,0,0,0,0,0	0,0,0,0,0,0	1,0,0,0,0,0	0,0,0,0,0,0	1,0,0,0,0,0
90	2305.xml	Motion	go,to,the,bedroom	1,0,0,0	0,0,0,0	1,0,0,0	0,0,0,0	1,0,0,0
91	2306.xml	Following	follow,the,person,in,front,of,me	1,0,0,0,0,0,0	0,0,0,0,0,0,0	1,0,0,0,0,0,0	0,0,0,0,0,0,0	1,0,0,0,0,0,0
92	2307.xml	Being_in_category	this,is,a,bathroom,where,the,door,is,on,the,right	0,1,0,0,0,0,0,0,0,0,0	0,0,0,0,0,0,0,0,0,0,0	0,1,0,0,0,0,0,0,0,0,0	0,0,0,0,0,0,0,0,0,0,0	0,1,0,0,0,0,0,0,0,0,0
94	2332.xml	Bringing	take,my,cellphone,to,the,bedroom	1,0,0,0,0,0	0,0,0,1,0,0	1,0,0,1,0,0	0,0,0,1,0,0	1,0,0,1,0,0
95	2333.xml	Searching	find,the,refrigerator	1,0,0	0,0,0	1,0,0	0,0,0	1,0,0
96	2335.xml	Being_in_category	this,is,a,living,room,with,white,furniture	0,1,0,0,0,0,0,0	0,0,0,0,0,0,0,0	0,1,0,0,0,0,0,0	0,0,0,0,0,0,0,0	0,1,0,0,0,0,0,0
97	2336.xml	Placing	put,the,cell,phone,on,the,dining,room,table	1,0,0,0,0,0,0,0,0	0,0,0,0,1,0,0,0,0	1,0,0,0,1,0,0,0,0	0,0,0,0,1,0,0,0,0	1,0,0,0,1,0,0,0,0
98	2337.xml	Motion	go,to,the,dining,room	1,0,0,0,0	0,0,0,0,0	1,0,0,0,0	0,0,0,0,0	1,0,0,0,0
99	2338.xml	Searching	find,the,lamp,in,the,living,room	1,0,0,0,0,0,0	0,0,0,0,0,0,0	1,0,0,0,0,0,0	0,0,0,0,0,0,0	1,0,0,0,0,0,0
100	2339.xml	Following	follow,the,man,closely	1,0,0,0	0,0,0,0	1,0,0,0	0,0,0,0	1,0,0,0
101	2340.xml	Bringing	fetch,me,the,tissue,box	1,0,0,0,0	0,0,0,0,0	1,0,0,0,0	0,0,0,0,0	1,0,0,0,0
102	2342.xml	Searching	can,you,find,me,the,butcher,knife	0,0,1,0,0,0,0	0,0,0,0,0,0,0	0,0,1,0,0,0,0	0,0,0,0,0,0,0	0,0,1,0,0,0,0
103	2343.xml	Motion	can,you,go,over,to,the,sofa	0,0,1,0,0,0,0	0,0,0,0,0,0,0	0,0,1,0,0,0,0	0,0,0,0,0,0,0	0,0,1,0,0,0,0
104	2344.xml	Placing	can,you,place,the,mug,to,the,head,of,the,table	0,0,1,0,0,0,0,0,0,0,0	0,0,0,0,0,0,0,0,0,0,0	0,0,1,0,0,0,0,0,0,0,0	0,0,0,0,0,0,0,0,0,0,0	0,0,1,0,0,0,0,0,0,0,0
105	2345.xml	Following	can,you,follow,my,mother,to,the,garden	0,0,1,0,0,0,0,0	0,0,0,0,0,0,0,0	0,0,1,0,0,0,0,0	0,0,0,0,0,0,0,0	0,0,1,0,0,0,0,0
106	2346.xml	Following	follow,my,friend,into,the,living,room	1,0,0,0,0,0,0	0,0,0,0,0,0,0	1,0,0,0,0,0,0	0,0,0,0,0,0,0	1,0,0,0,0,0,0
107	2347.xml	Placing	put,the,book,on,the,chair,near,the,dining,table	1,0,0,0,0,0,0,0,0,0	0,0,0,1,0,0,0,0,0,0	1,0,0,1,0,0,0,0,0,0	0,0,0,1,0,0,0,0,0,0	1,0,0,1,0,0,0,0,0,0
108	2348.xml	Motion	please,move,to,the,far,end,of,this,table	0,1,0,0,0,0,0,0,0	0,0,1,0,0,0,0,0,0	0,1,1,0,0,0,0,0,0	0,0,1,0,0,0,0,0,0	0,1,1,0,0,0,0,0,0
109	2349.xml	Searching	find,the,red,pillow	1,0,0,0	0,0,0,0	1,0,0,0	0,0,0,0	1,0,0,0
110	2350.xml	Being_located	you,are,in,a,very,big,bathroom	0,1,0,0,0,0,0	0,0,1,0,0,0,0	0,1,1,0,0,0,0	0,0,1,0,0,0,0	0,1,1,0,0,0,0
111	2351.xml	Taking	please,pick,my,mobile,phone	0,1,0,0,0	0,0,0,0,0	0,1,0,0,0	0,0,0,0,0	0,1,0,0,0
112	2351.xml	Placing	put,it,on,the,chair,near,the,table	1,0,0,0,0,0,0,0	0,0,1,0,0,0,0,0	1,0,1,0,0,0,0,0	0,0,1,0,0,0,0,0	1,0,1,0,0,0,0,0
113	2352.xml	Motion	could,you,please,move,to,the,sink	0,0,0,1,0,0,0	0,0,0,0,1,0,0	0,0,0,1,1,0,0	0,0,0,0,1,0,0	0,0,0,1,1,0,0
114	2352.xml	Change_operational_state	open,the,cold,water	1,0,0,0	0,0,0,0	1,0,0,0	0,0,0,0	1,0,0,0
115	2354.xml	Taking	john,can,you,take,the,mug,in,the,kitchen	0,0,0,1,0,0,0,0,0	0,0,0,0,0,0,0,0,0	0,0,0,1,0,0,0,0,0	0,0,0,0,0,0,1,0,0	0,0,0,1,0,0,1,0,0
116	2354.xml	Bringing	bring,it,to,the,side,of,the,bathtub	1,0,0,0,0,0,0,0	0,0,0,0,0,0,0,0	1,0,0,0,0,0,0,0	0,0,0,0,0,0,0,0	1,0,0,0,0,0,0,0
117	2355.xml	Motion	michael,go,to,the,kitchen	0,1,0,0,0	0,0,0,0,0	0,1,0,0,0	0,0,0,0,0	0,1,0,0,0
118	2355.xml	Bringing	get,me,some,water	1,0,0,0	0,0,0,0	1,0,0,0	0,1,0,0	1,1,0,0
119	2356.xml	Searching	michael,find,my,book,on,the,sofa,near,the,window	0,1,0,0,0,0,0,0,0,0	0,0,0,0,0,0,0,0,0,0	0,1,0,0,0,0,0,0,0,0	0,0,0,0,0,0,0,0,0,0	0,1,0,0,0,0,0,0,0,0
120	2358.xml	Following	michael,follow,the,guy,with,the,red,hoodie,and,the,white,shoes	0,1,0,0,0,0,0,0,0,0,0,0	0,0,0,0,0,0,0,0,0,0,0,0	0,1,0,0,0,0,0,0,0,0,0,0	0,0,0,0,0,0,0,0,0,0,0,0	0,1,0,0,0,0,0,0,0,0,0,0
121	2359.xml	Following	would,you,please,follow,me,to,the,kitchen	0,0,0,1,0,0,0,0	0,0,0,0,0,0,0,0	0,0,0,1,0,0,0,0	0,0,0,0,0,0,0,0	0,0,0,1,0,0,0,0
122	2360.xml	Bringing	would,you,please,bring,me,my,phone,from,the,bed,room	0,0,0,1,0,0,0,0,0,0,0	0,0,0,0,0,0,0,0,0,0,0	0,0,0,1,0,0,0,0,0,0,0	0,0,0,0,0,0,0,0,0,0,0	0,0,0,1,0,0,0,0,0,0,0
123	2361.xml	Following	follow,me,to,the,bedroom	1,0,0,0,0	0,0,0,0,0	1,0,0,0,0	0,0,0,0,0	1,0,0,0,0
124	2362.xml	Motion	move,to,the,left,of,the,table	1,0,0,0,0,0,0	0,1,0,0,0,0,0	1,1,0,0,0,0,0	0,1,0,0,0,0,0	1,1,0,0,0,0,0
125	2363.xml	Placing	put,the,pillow,under,the,bed	1,0,0,0,0,0	0,0,0,1,0,0	1,0,0,1,0,0	0,0,0,1,0,0	1,0,0,1,0,0
126	2364.xml	Searching	find,the,glasses,on,the,table	1,0,0,0,0,0	0,0,0,0,0,0	1,0,0,0,0,0	0,0,0,0,0,0	1,0,0,0,0,0
127	2365.xml	Following	follow,the,person,behind,me	1,0,0,0,0	0,0,0,0,0	1,0,0,0,0	0,0,0,0,0	1,0,0,0,0
128	2366.xml	Motion	go,close,to,the,shower	1,0,0,0,0	0,0,0,0,0	1,0,0,0,0	0,0,0,0,0	1,0,0,0,0
129	2367.xml	Being_in_category	this,is,a,double,bedroom,with,four,pictures,on,the,wall	0,1,0,0,0,0,0,0,0,0,0	0,0,0,0,0,0,0,0,0,0,0	0,1,0,0,0,0,0,0,0,0,0	0,0,0,0,0,0,0,0,0,0,0	0,1,0,0,0,0,0,0,0,0,0
130	2368.xml	Placing	put,my,mobile,phone,on,the,kitchen,table	1,0,0,0,0,0,0,0	0,0,0,0,1,0,0,0	1,0,0,0,1,0,0,0	0,0,0,0,1,0,0,0	1,0,0,0,1,0,0,0
131	2369.xml	Following	follow,the,man,in,black	1,0,0,0,0	0,0,0,0,0	1,0,0,0,0	0,0,0,0,0	1,0,0,0,0
132	2370.xml	Bringing	bring,me,yogurt,from,the,fridge	1,0,0,0,0,0	0,0,0,0,0,0	1,0,0,0,0,0	0,0,0,0,0,0	1,0,0,0,0,0
133	2371.xml	Placing	put,the,coffee,mug,into,the,dishwasher	1,0,0,0,0,0,0	0,0,0,0,1,0,0	1,0,0,0,1,0,0	0,0,0,0,1,0,0	1,0,0,0,1,0,0
134	2372.xml	Searching	search,for,the,bottle,of,wine,on,the,table	1,0,0,0,0,0,0,0,0	0,0,0,0,0,0,0,0,0	1,0,0,0,0,0,0,0,0	0,0,0,0,0,0,0,0,0	1,0,0,0,0,0,0,0,0
135	2373.xml	Being_in_category	this,is,a,bedroom,with,big,double,bed,and,two,bedside,tables	0,1,0,0,0,0,0,0,0,0,0,0	0,0,0,0,0,0,0,0,0,0,0,0	0,1,0,0,0,0,0,0,0,0,0,0	0,0,0,0,0,0,0,0,0,0,0,0	0,1,0,0,0,0,0,0,0,0,0,0
136	2374.xml	Taking	hey,robot,take,the,book	0,0,1,0,0	0,0,0,0,0	0,0,1,0,0	0,0,0,0,0	0,0,1,0,0
137	2374.xml	Placing	put,it,in,the,oven	1,0,0,0,0	0,0,1,0,0	1,0,1,0,0	0,0,1,0,0	1,0,1,0,0
138	2375.xml	Following	hey,robot,follow,john,everywhere,he,goes	0,0,1,0,0,0,0	0,0,0,0,0,0,0	0,0,1,0,0,0,0	0,0,0,0,0,0,0	0,0,1,0,0,0,0
139	2376.xml	Bringing	take,my,phone,into,the,living,room	1,0,0,0,0,0,0	0,0,0,1,0,0,0	1,0,0,1,0,0,0	0,0,0,1,0,0,0	1,0,0,1,0,0,0
140	2377.xml	Searching	please,find,me,the,black,cushion,which,is,on,the,bed	0,1,0,0,0,0,0,0,0,0,0	0,0,0,0,0,0,0,0,0,0,0	0,1,0,0,0,0,0,0,0,0,0	0,0,0,0,0,0,0,0,0,0,0	0,1,0,0,0,0,0,0,0,0,0
142	2378.xml	Entering	please,enter,the,bathroom	0,1,0,0	0,0,0,0	0,1,0,0	0,0,0,0	0,1,0,0
143	2378.xml	Motion	go,towards,the,sink,on,the,left,hand,side	1,0,0,0,0,0,0,0,0	0,0,0,0,0,0,0,0,0	1,0,0,0,0,0,0,0,0	0,0,0,0,0,0,0,0,0	1,0,0,0,0,0,0,0,0
144	2379.xml	Following	robot,follow,me,slowly	0,1,0,0	0,0,0,0	0,1,0,0	0,0,0,0	0,1,0,0
145	2380.xml	Motion	please,go,to,the,chair	0,1,0,0,0	0,0,0,0,0	0,1,0,0,0	0,0,0,0,0	0,1,0,0,0
146	2381.xml	Being_in_category	this,is,a,bedroom,with,one,bed,and,two,night,stands	0,1,0,0,0,0,0,0,0,0,0	0,0,0,0,0,0,0,0,0,0,0	0,1,0,0,0,0,0,0,0,0,0	0,0,0,0,0,0,0,0,0,0,0	0,1,0,0,0,0,0,0,0,0,0
147	2382.xml	Searching	can,you,please,search,the,book	0,0,0,1,0,0	0,0,0,0,0,0	0,0,0,1,0,0	0,0,0,0,0,0	0,0,0,1,0,0
148	2382.xml	Bringing	bring,it,to,me	1,0,0,0	0,0,0,0	1,0,0,0	0,0,0,0	1,0,0,0
149	2387.xml	Following	follow,me,very,fast	1,0,0,0	0,0,0,0	1,0,0,0	0,0,0,0	1,0,0,0
150	2390.xml	Bringing	robot,please,take,the,mug,to,the,sink	0,0,1,0,0,0,0,0	0,0,0,0,0,1,0,0	0,0,1,0,0,1,0,0	0,0,0,0,0,1,0,0	0,0,1,0,0,1,0,0
151	2394.xml	Following	robot,please,follow,the,postman	0,0,1,0,0	0,0,0,0,0	0,0,1,0,0	0,0,0,0,0	0,0,1,0,0
152	2397.xml	Motion	robot,go,to,the,shower	0,1,0,0,0	0,0,0,0,0	0,1,0,0,0	0,0,0,0,0	0,1,0,0,0
153	2399.xml	Being_in_category	robot,this,is,the,bedroom,with,a,double,bed,with,two,lights,next,to,it	0,0,1,0,0,0,0,0,0,0,0,0,0,0,0	0,0,0,0,0,0,0,0,0,0,0,0,0,0,0	0,0,1,0,0,0,0,0,0,0,0,0,0,0,0	0,0,0,0,0,0,0,0,0,0,0,0,0,0,0	0,0,1,0,0,0,0,0,0,0,0,0,0,0,0
154	2403.xml	Bringing	carry,the,phone,to,the,chair	1,0,0,0,0,0	0,0,0,0,0,0	1,0,0,0,0,0	0,0,0,0,0,0	1,0,0,0,0,0
155	2404.xml	Being_located	there,is,a,radio,next,to,the,bed	1,1,0,0,0,0,0,0	0,0,0,0,1,0,0,0	1,1,0,0,1,0,0,0	0,0,0,0,1,1,0,0	1,1,0,0,1,1,0,0
156	2405.xml	Searching	please,find,the,fruit	0,1,0,0	0,0,0,0	0,1,0,0	0,0,0,0	0,1,0,0
157	2406.xml	Motion	please,go,to,the,sink	0,1,0,0,0	0,0,0,0,0	0,1,0,0,0	0,0,0,0,0	0,1,0,0,0
158	2407.xml	Following	please,follow,me,to,the,table	0,1,0,0,0,0	0,0,0,0,0,0	0,1,0,0,0,0	0,0,0,0,0,0	0,1,0,0,0,0
159	2408.xml	Bringing	bring,the,cigarettes,near,the,counter,on,the,right	1,0,0,0,0,0,0,0,0	0,0,0,0,0,0,0,0,0	1,0,0,0,0,0,0,0,0	0,0,0,0,0,0,0,0,0	1,0,0,0,0,0,0,0,0
160	2409.xml	Motion	go,to,the,bathroom	1,0,0,0	0,0,0,0	1,0,0,0	0,0,0,0	1,0,0,0
161	2409.xml	Taking	take,the,rag	1,0,0	0,0,0	1,0,0	0,0,0	1,0,0
162	2409.xml	Motion	go,to,the,hall	1,0,0,0	0,0,0,0	1,0,0,0	0,0,0,0	1,0,0,0
163	2410.xml	Motion	move,near,the,television,of,the,kitchen	1,0,0,0,0,0,0	0,1,0,0,0,0,0	1,1,0,0,0,0,0	0,1,0,0,0,0,0	1,1,0,0,0,0,0
164	2411.xml	Bringing	bring,me,my,towel,that,is,in,the,bathroom	1,0,0,0,0,0,0,0,0	0,0,0,0,0,0,0,0,0	1,0,0,0,0,0,0,0,0	0,0,0,0,0,0,0,0,0	1,0,0,0,0,0,0,0,0
166	2412.xml	Bringing	deliver,this,message,to,the,person,in,the,living,room	1,0,0,0,0,0,0,0,0,0	0,0,0,0,0,0,0,0,0,0	1,0,0,0,0,0,0,0,0,0	0,0,0,0,0,0,0,0,0,0	1,0,0,0,0,0,0,0,0,0
167	2413.xml	Motion	go,to,living,room	1,0,0,0	0,0,0,0	1,0,0,0	0,0,0,0	1,0,0,0
168	2413.xml	Change_operational_state	turn,on,the,tv	1,0,0,0	0,0,0,0	1,0,0,0	0,0,0,0	1,0,0,0
169	2414.xml	Taking	take,the,remote,control	1,0,0,0	0,0,0,0	1,0,0,0	0,0,0,0	1,0,0,0
170	2414.xml	Change_operational_state	turn,on,the,tv	1,0,0,0	0,0,0,0	1,0,0,0	0,0,0,0	1,0,0,0
171	2415.xml	Motion	go,in,front,of,the,main,door	1,0,0,0,0,0,0	0,0,0,0,0,0,0	1,0,0,0,0,0,0	0,0,0,0,0,0,0	1,0,0,0,0,0,0
172	2415.xml	Closure	open,it	1,0	0,0	1,0	0,0	1,0
173	2416.xml	Taking	grab,the,box,on,the,left,of,the,desktop	1,0,0,0,0,0,0,0,0	0,0,0,0,0,0,0,0,0	1,0,0,0,0,0,0,0,0	0,0,0,0,0,0,0,0,0	1,0,0,0,0,0,0,0,0
174	2417.xml	Bringing	bring,slowly,the,box,near,the,counter,of,the,kitchen	1,0,0,0,0,0,0,0,0,0	0,0,0,0,0,0,0,0,0,0	1,0,0,0,0,0,0,0,0,0	0,0,0,0,0,0,0,0,0,0	1,0,0,0,0,0,0,0,0,0
175	2418.xml	Bringing	could,you,please,move,the,trash,bin,from,the,kitchen,to,the,studio	0,0,0,1,0,0,0,0,0,0,0,0,0	0,0,0,0,0,0,0,1,0,0,0,0,0	0,0,0,1,0,0,0,1,0,0,0,0,0	0,0,0,0,0,0,0,1,0,0,1,0,0	0,0,0,1,0,0,0,1,0,0,1,0,0
176	2419.xml	Attaching	disconnect,from,the,laptop,at,the,right,of,the,counter	1,0,0,0,0,0,0,0,0,0	0,0,0,0,0,0,0,0,0,0	1,0,0,0,0,0,0,0,0,0	0,0,0,0,0,0,0,0,0,0	1,0,0,0,0,0,0,0,0,0
177	2422.xml	Placing	hang,this,jacket,in,the,closet,of,the,corridor	1,0,0,0,0,0,0,0,0	0,0,0,0,0,0,0,0,0	1,0,0,0,0,0,0,0,0	0,0,0,0,0,0,0,0,0	1,0,0,0,0,0,0,0,0
178	2424.xml	Inspecting	check,the,toilet,paper	1,0,0,0	0,0,0,0	1,0,0,0	0,0,0,0	1,0,0,0
179	2425.xml	Being_located	there,are,two,couches,facing,one,another	1,1,0,0,0,0,0	0,0,0,0,0,0,0	1,1,0,0,0,0,0	0,0,0,0,0,0,0	1,1,0,0,0,0,0
180	2426.xml	Being_located	there,is,a,table,in,the,center,of,the,dining,room	1,1,0,0,0,0,0,0,0,0,0	0,0,0,0,1,0,0,0,0,0,0	1,1,0,0,1,0,0,0,0,0,0	0,0,0,0,1,0,0,0,0,0,0	1,1,0,0,1,0,0,0,0,0,0
181	2427.xml	Motion	please,move,to,the,front,of,the,fridge	0,1,0,0,0,0,0,0	0,0,1,0,0,0,0,0	0,1,1,0,0,0,0,0	0,0,1,0,0,0,0,0	0,1,1,0,0,0,0,0
182	2431.xml	Inspecting	could,you,please,check,if,the,coffee,is,ready	0,0,0,1,0,0,0,0,0	0,0,0,0,0,0,0,0,0	0,0,0,1,0,0,0,0,0	0,0,0,0,0,0,0,0,0	0,0,0,1,0,0,0,0,0
183	2433.xml	Being_located	in,this,room,there,are,six,chairs	0,0,0,1,1,0,0	1,0,0,0,0,0,0	1,0,0,1,1,0,0	1,0,0,0,0,0,0	1,0,0,1,1,0,0
184	2434.xml	Giving	give,me,the,towel	1,0,0,0	0,0,0,0	1,0,0,0	0,0,0,0	1,0,0,0
185	2629.xml	Bringing	bring,the,box,near,the,closet,of,the,bedroom	1,0,0,0,0,0,0,0,0	0,0,0,0,0,0,0,0,0	1,0,0,0,0,0,0,0,0	0,0,0,0,0,0,0,0,0	1,0,0,0,0,0,0,0,0
186	2630.xml	Entering	enter,the,door	1,0,0	0,0,0	1,0,0	0,0,0	1,0,0
187	2632.xml	Closure	open,the,bottle	1,0,0	0,0,0	1,0,0	0,0,0	1,0,0
188	2633.xml	Bringing	bring,the,paper,near,the,television	1,0,0,0,0,0	0,0,0,0,0,0	1,0,0,0,0,0	0,0,0,0,0,0	1,0,0,0,0,0
189	2634.xml	Bringing	bring,the,pillow,to,the,couch,of,the,bedroom	1,0,0,0,0,0,0,0,0	0,0,0,0,0,0,0,0,0	1,0,0,0,0,0,0,0,0	0,0,0,0,0,0,0,0,0	1,0,0,0,0,0,0,0,0
190	2635.xml	Bringing	carry,the,laptop,to,daniele	1,0,0,0,0	0,0,0,0,0	1,0,0,0,0	0,0,0,0,0	1,0,0,0,0
191	2636.xml	Bringing	carry,the,paper,near,the,counter	1,0,0,0,0,0	0,0,0,0,0,0	1,0,0,0,0,0	0,0,0,0,0,0	1,0,0,0,0,0
192	2637.xml	Bringing	carry,the,pillow,near,the,window,of,the,bedroom	1,0,0,0,0,0,0,0,0	0,0,0,0,0,0,0,0,0	1,0,0,0,0,0,0,0,0	0,0,0,0,0,0,0,0,0	1,0,0,0,0,0,0,0,0
193	2638.xml	Taking	catch,the,phone,at,the,right,of,the,desk	1,0,0,0,0,0,0,0,0	0,0,0,0,0,0,0,0,0	1,0,0,0,0,0,0,0,0	0,0,0,0,0,0,0,0,0	1,0,0,0,0,0,0,0,0
194	2639.xml	Taking	catch,the,pillow	1,0,0	0,0,0	1,0,0	0,0,0	1,0,0
195	2640.xml	Closure	close,the,case,on,the,bed	1,0,0,0,0,0	0,0,0,0,0,0	1,0,0,0,0,0	0,0,0,0,0,0	1,0,0,0,0,0
196	2641.xml	Closure	close,the,door,on,the,right	1,0,0,0,0,0	0,0,0,0,0,0	1,0,0,0,0,0	0,0,0,0,0,0	1,0,0,0,0,0
197	2642.xml	Closure	close,the,jar	1,0,0	0,0,0	1,0,0	0,0,0	1,0,0
198	2643.xml	Closure	close,the,window,on,the,left	1,0,0,0,0,0	0,0,0,0,0,0	1,0,0,0,0,0	0,0,0,0,0,0	1,0,0,0,0,0
199	2644.xml	Attaching	connect,to,the,pc,on,your,left	1,0,0,0,0,0,0	0,0,0,0,0,0,0	1,0,0,0,0,0,0	0,0,0,0,0,0,0	1,0,0,0,0,0,0
200	2645.xml	Entering	enter,the,bathroom	1,0,0	0,0,0	1,0,0	0,0,0	1,0,0
201	2646.xml	Entering	enter,the,door,of,the,kitchen	1,0,0,0,0,0	0,0,0,0,0,0	1,0,0,0,0,0	0,0,0,0,0,0	1,0,0,0,0,0
202	2647.xml	Entering	enter,the,kitchen	1,0,0	0,0,0	1,0,0	0,0,0	1,0,0
203	2648.xml	Motion	go,to,the,counter,at,your,left	1,0,0,0,0,0,0	0,0,0,0,0,0,0	1,0,0,0,0,0,0	0,0,0,0,0,0,0	1,0,0,0,0,0,0
204	2649.xml	Motion	go,to,the,toilet	1,0,0,0	0,0,0,0	1,0,0,0	0,0,0,0	1,0,0,0
205	2650.xml	Taking	grab,the,cigarettes,next,to,the,phone	1,0,0,0,0,0,0	0,0,0,0,0,0,0	1,0,0,0,0,0,0	0,0,0,0,0,0,0	1,0,0,0,0,0,0
206	2651.xml	Taking	grab,the,bottle	1,0,0	0,0,0	1,0,0	0,0,0	1,0,0
207	2652.xml	Taking	grab,the,pillow,at,the,left,of,the,couch	1,0,0,0,0,0,0,0,0	0,0,0,0,0,0,0,0,0	1,0,0,0,0,0,0,0,0	0,0,0,0,0,0,0,0,0	1,0,0,0,0,0,0,0,0
208	2653.xml	Perception_active	look,at,me	1,0,0	0,1,0	1,1,0	0,1,0	1,1,0
209	2654.xml	Searching	look,for,the,glass,in,the,bedroom	1,0,0,0,0,0,0	0,1,0,0,0,0,0	1,1,0,0,0,0,0	0,1,0,0,0,0,0	1,1,0,0,0,0,0
210	2655.xml	Searching	look,for,the,wrench,in,the,bathroom	1,0,0,0,0,0,0	0,1,0,0,0,0,0	1,1,0,0,0,0,0	0,1,0,0,0,0,0	1,1,0,0,0,0,0
211	2656.xml	Motion	move,near,the,couch,of,the,bedroom,slowly	1,0,0,0,0,0,0,0	0,1,0,0,0,0,0,0	1,1,0,0,0,0,0,0	0,1,0,0,0,0,0,0	1,1,0,0,0,0,0,0
212	2657.xml	Motion	move,near,the,counter	1,0,0,0	0,1,0,0	1,1,0,0	0,1,0,0	1,1,0,0
213	2658.xml	Motion	move,near,the,window	1,0,0,0	0,1,0,0	1,1,0,0	0,1,0,0	1,1,0,0
214	2659.xml	Motion	move,to,the,fridge	1,0,0,0	0,1,0,0	1,1,0,0	0,1,0,0	1,1,0,0
215	2660.xml	Closure	open,the,box,on,the,left,of,the,recorder	1,0,0,0,0,0,0,0,0	0,0,0,0,0,0,0,0,0	1,0,0,0,0,0,0,0,0	0,0,0,0,0,0,0,0,0	1,0,0,0,0,0,0,0,0
216	2661.xml	Searching	search,in,the,corridor,for,the,jar	1,0,0,0,0,0,0	0,0,0,0,0,0,0	1,0,0,0,0,0,0	0,0,0,0,0,0,0	1,0,0,0,0,0,0
217	2662.xml	Taking	take,the,bottle,near,the,fridge	1,0,0,0,0,0	0,0,0,0,0,0	1,0,0,0,0,0	0,0,0,1,0,0	1,0,0,1,0,0
218	2664.xml	Bringing	take,the,jar,to,the,table,of,the,kitchen	1,0,0,0,0,0,0,0,0	0,0,0,1,0,0,0,0,0	1,0,0,1,0,0,0,0,0	0,0,0,1,0,0,0,0,0	1,0,0,1,0,0,0,0,0
219	2665.xml	Bringing	take,the,paper,to,the,bathroom	1,0,0,0,0,0	0,0,0,1,0,0	1,0,0,1,0,0	0,0,0,1,0,0	1,0,0,1,0,0
220	2667.xml	Taking	take,the,phone,on,the,couch	1,0,0,0,0,0	0,0,0,0,0,0	1,0,0,0,0,0	0,0,0,1,0,0	1,0,0,1,0,0
221	2668.xml	Taking	take,the,phone,on,the,left,of,the,pc	1,0,0,0,0,0,0,0,0	0,0,0,0,0,0,0,0,0	1,0,0,0,0,0,0,0,0	0,0,0,1,0,0,0,0,0	1,0,0,1,0,0,0,0,0
222	2669.xml	Bringing	take,the,screwdriver,to,daniele	1,0,0,0,0	0,0,0,1,0	1,0,0,1,0	0,0,0,1,0	1,0,0,1,0
223	2670.xml	Change_operational_state	turn,on,the,switch	1,0,0,0	0,0,0,0	1,0,0,0	0,0,0,0	1,0,0,0
224	2671.xml	Motion	walk,to,the,stairs,quickly	1,0,0,0,0	0,0,0,0,0	1,0,0,0,0	0,0,0,0,0	1,0,0,0,0
225	2672.xml	Change_operational_state	activate,the,television	1,0,0	0,0,0	1,0,0	0,0,0	1,0,0
226	2673.xml	Change_operational_state	activate,the,television,at,the,right,of,the,console	1,0,0,0,0,0,0,0,0	0,0,0,0,0,0,0,0,0	1,0,0,0,0,0,0,0,0	0,0,0,0,0,0,0,0,0	1,0,0,0,0,0,0,0,0
227	2674.xml	Bringing	bring,me,the,bottle	1,0,0,0	0,0,0,0	1,0,0,0	0,0,0,0	1,0,0,0
228	2675.xml	Bringing	bring,the,book,to,the,dining,room	1,0,0,0,0,0,0	0,0,0,0,0,0,0	1,0,0,0,0,0,0	0,0,0,0,0,0,0	1,0,0,0,0,0,0
229	2676.xml	Bringing	bring,the,bottle,to,the,bathroom,sink	1,0,0,0,0,0,0	0,0,0,0,0,0,0	1,0,0,0,0,0,0	0,0,0,0,0,0,0	1,0,0,0,0,0,0
230	2677.xml	Bringing	bring,the,bottle,to,the,couch	1,0,0,0,0,0	0,0,0,0,0,0	1,0,0,0,0,0	0,0,0,0,0,0	1,0,0,0,0,0
231	2678.xml	Bringing	bring,the,bottle,to,the,kitchen	1,0,0,0,0,0	0,0,0,0,0,0	1,0,0,0,0,0	0,0,0,0,0,0	1,0,0,0,0,0
232	2679.xml	Bringing	bring,the,mobile,to,the,dining,room	1,0,0,0,0,0,0	0,0,0,0,0,0,0	1,0,0,0,0,0,0	0,0,0,0,0,0,0	1,0,0,0,0,0,0
233	2680.xml	Bringing	bring,the,mobile,to,the,living,room	1,0,0,0,0,0,0	0,0,0,0,0,0,0	1,0,0,0,0,0,0	0,0,0,0,0,0,0	1,0,0,0,0,0,0
234	2681.xml	Bringing	bring,the,mug,to,the,bedroom	1,0,0,0,0,0	0,0,0,0,0,0	1,0,0,0,0,0	0,0,0,0,0,0	1,0,0,0,0,0
235	2682.xml	Bringing	bring,the,phone,to,the,bedroom	1,0,0,0,0,0	0,0,0,0,0,0	1,0,0,0,0,0	0,0,0,0,0,0	1,0,0,0,0,0
236	2683.xml	Bringing	carry,the,mug,to,the,living,room	1,0,0,0,0,0,0	0,0,0,0,0,0,0	1,0,0,0,0,0,0	0,0,0,0,0,0,0	1,0,0,0,0,0,0
237	2684.xml	Motion	come,to,the,table	1,0,0,0	0,1,0,0	1,1,0,0	0,1,0,0	1,1,0,0
238	2685.xml	Bringing	could,you,bring,the,phone,to,the,bathroom	0,0,1,0,0,0,0,0	0,0,0,0,0,0,0,0	0,0,1,0,0,0,0,0	0,0,0,0,0,0,0,0	0,0,1,0,0,0,0,0
239	2686.xml	Searching	find,a,bottle,in,the,kitchen	1,0,0,0,0,0	0,0,0,0,0,0	1,0,0,0,0,0	0,0,0,0,0,0	1,0,0,0,0,0
240	2687.xml	Searching	find,my,address,book,in,the,living,room	1,0,0,0,0,0,0,0	0,0,0,0,0,0,0,0	1,0,0,0,0,0,0,0	0,0,0,0,0,0,0,0	1,0,0,0,0,0,0,0
241	2688.xml	Searching	find,my,hat,on,the,bed,in,the,bedroom	1,0,0,0,0,0,0,0,0	0,0,0,0,0,0,0,0,0	1,0,0,0,0,0,0,0,0	0,0,0,0,0,0,0,0,0	1,0,0,0,0,0,0,0,0
242	2689.xml	Searching	find,the,bed,in,the,bathroom	1,0,0,0,0,0	0,0,0,0,0,0	1,0,0,0,0,0	0,0,0,0,0,0	1,0,0,0,0,0
243	2690.xml	Searching	find,the,bottle	1,0,0	0,0,0	1,0,0	0,0,0	1,0,0
244	2691.xml	Searching	find,the,bottle,of,wine,in,the,kitchen	1,0,0,0,0,0,0,0	0,0,0,0,0,0,0,0	1,0,0,0,0,0,0,0	0,0,0,0,0,0,0,0	1,0,0,0,0,0,0,0
245	2692.xml	Searching	find,the,phone	1,0,0	0,0,0	1,0,0	0,0,0	1,0,0
246	2693.xml	Searching	find,the,phone,in,the,studio	1,0,0,0,0,0	0,0,0,0,0,0	1,0,0,0,0,0	0,0,0,0,0,0	1,0,0,0,0,0
247	2694.xml	Searching	find,the,pillow	1,0,0	0,0,0	1,0,0	0,0,0	1,0,0
248	2695.xml	Searching	find,the,plates,on,the,table	1,0,0,0,0,0	0,0,0,0,0,0	1,0,0,0,0,0	0,0,0,0,0,0	1,0,0,0,0,0
249	2696.xml	Searching	find,the,shower	1,0,0	0,0,0	1,0,0	0,0,0	1,0,0
250	2697.xml	Searching	find,the,stove,in,the,studio	1,0,0,0,0,0	0,0,0,0,0,0	1,0,0,0,0,0	0,0,0,0,0,0	1,0,0,0,0,0
251	2698.xml	Searching	find,the,table,in,the,bedroom	1,0,0,0,0,0	0,0,0,0,0,0	1,0,0,0,0,0	0,0,0,0,0,0	1,0,0,0,0,0
252	2699.xml	Searching	find,the,television	1,0,0	0,0,0	1,0,0	0,0,0	1,0,0
253	2700.xml	Searching	find,the,white,vase	1,0,0,0	0,0,0,0	1,0,0,0	0,0,0,0	1,0,0,0
254	2701.xml	Searching	find,vittorio,'s,phone	1,0,0,0	0,0,0,0	1,0,0,0	0,0,0,0	1,0,0,0
255	2702.xml	Following	follow,john,slowly	1,0,0	0,0,0	1,0,0	0,0,0	1,0,0
256	2703.xml	Following	follow,mark,slowly	1,0,0	0,0,0	1,0,0	0,0,0	1,0,0
257	2704.xml	Following	follow,me,slowly	1,0,0	0,0,0	1,0,0	0,0,0	1,0,0
258	2705.xml	Following	follow,the,guy,in,the,blue,hoodie	1,0,0,0,0,0,0	0,0,0,0,0,0,0	1,0,0,0,0,0,0	0,0,0,0,0,0,0	1,0,0,0,0,0,0
259	2706.xml	Taking	get,the,phone	1,0,0	0,0,0	1,0,0	0,0,0	1,0,0
260	2706.xml	Bringing	take,it,to,the,bathroom	1,0,0,0,0	0,0,1,0,0	1,0,1,0,0	0,0,1,0,0	1,0,1,0,0
261	2707.xml	Searching	go,find,the,book	0,1,0,0	0,0,0,0	0,1,0,0	0,0,0,0	0,1,0,0
262	2708.xml	Taking	go,get,the,book	0,1,0,0	0,0,0,0	0,1,0,0	0,0,0,0	0,1,0,0
263	2709.xml	Motion	go,into,the,bathroom	1,0,0,0	0,0,0,0	1,0,0,0	0,0,0,0	1,0,0,0
264	2710.xml	Motion	go,into,the,dining,room	1,0,0,0,0	0,0,0,0,0	1,0,0,0,0	0,0,0,0,0	1,0,0,0,0
265	2711.xml	Motion	go,near,the,couch	1,0,0,0	0,0,0,0	1,0,0,0	0,0,0,0	1,0,0,0
266	2712.xml	Motion	go,to,dining,room	1,0,0,0	0,0,0,0	1,0,0,0	0,0,0,0	1,0,0,0
267	2713.xml	Motion	go,to,studio	1,0,0	0,0,0	1,0,0	0,0,0	1,0,0
268	2714.xml	Motion	go,to,the,closet,of,the,dining,room	1,0,0,0,0,0,0,0	0,0,0,0,0,0,0,0	1,0,0,0,0,0,0,0	0,0,0,0,0,0,0,0	1,0,0,0,0,0,0,0
269	2715.xml	Motion	go,to,the,fridge	1,0,0,0	0,0,0,0	1,0,0,0	0,0,0,0	1,0,0,0
270	2716.xml	Motion	go,to,the,living,room	1,0,0,0,0	0,0,0,0,0	1,0,0,0,0	0,0,0,0,0	1,0,0,0,0
271	2717.xml	Motion	go,to,the,lounge	1,0,0,0	0,0,0,0	1,0,0,0	0,0,0,0	1,0,0,0
272	2718.xml	Motion	go,to,the,studio	1,0,0,0	0,0,0,0	1,0,0,0	0,0,0,0	1,0,0,0
273	2719.xml	Motion	go,to,the,television,in,the,living,room	1,0,0,0,0,0,0,0	0,0,0,0,0,0,0,0	1,0,0,0,0,0,0,0	0,0,0,0,0,0,0,0	1,0,0,0,0,0,0,0
274	2720.xml	Motion	go,to,the,television,in,the,studio	1,0,0,0,0,0,0	0,0,0,0,0,0,0	1,0,0,0,0,0,0	0,0,0,0,0,0,0	1,0,0,0,0,0,0
275	2721.xml	Searching	look,for,my,handbag,in,the,dining,room	1,0,0,0,0,0,0,0	0,1,0,0,0,0,0,0	1,1,0,0,0,0,0,0	0,1,0,0,0,0,0,0	1,1,0,0,0,0,0,0
276	2722.xml	Searching	look,for,my,phone	1,0,0,0	0,1,0,0	1,1,0,0	0,1,0,0	1,1,0,0
277	2723.xml	Searching	look,for,my,phone,in,the,bathroom,and,the,bedroom	1,0,0,0,0,0,0,0,0,0	0,1,0,0,0,0,0,0,0,0	1,1,0,0,0,0,0,0,0,0	0,1,0,0,0,0,0,0,0,0	1,1,0,0,0,0,0,0,0,0
278	2724.xml	Searching	look,for,the,bed,in,the,bathroom	1,0,0,0,0,0,0	0,1,0,0,0,0,0	1,1,0,0,0,0,0	0,1,0,0,0,0,0	1,1,0,0,0,0,0
279	2725.xml	Searching	look,for,the,soap,in,the,bathroom	1,0,0,0,0,0,0	0,1,0,0,0,0,0	1,1,0,0,0,0,0	0,1,0,0,0,0,0	1,1,0,0,0,0,0
280	2726.xml	Motion	move,towards,the,bedroom	1,0,0,0	0,1,0,0	1,1,0,0	0,1,0,0	1,1,0,0
281	2727.xml	Motion	move,towards,the,kitchen	1,0,0,0	0,1,0,0	1,1,0,0	0,1,0,0	1,1,0,0
282	2728.xml	Searching	please,find,the,bed	0,1,0,0	0,0,0,0	0,1,0,0	0,0,0,0	0,1,0,0
283	2729.xml	Searching	please,find,the,table,in,the,bedroom	0,1,0,0,0,0,0	0,0,0,0,0,0,0	0,1,0,0,0,0,0	0,0,0,0,0,0,0	0,1,0,0,0,0,0
284	2730.xml	Following	please,follow,me,to,the,living,room	0,1,0,0,0,0,0	0,0,0,0,0,0,0	0,1,0,0,0,0,0	0,0,0,0,0,0,0	0,1,0,0,0,0,0
285	2731.xml	Following	please,follow,that,person	0,1,0,0	0,0,0,0	0,1,0,0	0,0,0,0	0,1,0,0
286	2732.xml	Taking	please,get,the,cushion,from,the,bed	0,1,0,0,0,0,0	0,0,0,0,1,0,0	0,1,0,0,1,0,0	0,0,0,0,1,0,0	0,1,0,0,1,0,0
287	2733.xml	Motion	please,move,towards,the,living,room	0,1,0,0,0,0	0,0,1,0,0,0	0,1,1,0,0,0	0,0,1,0,0,0	0,1,1,0,0,0
288	2734.xml	Placing	please,put,the,book,in,the,dining,room	0,1,0,0,0,0,0,0	0,0,0,0,1,0,0,0	0,1,0,0,1,0,0,0	0,0,0,0,1,0,0,0	0,1,0,0,1,0,0,0
289	2735.xml	Placing	please,put,the,book,on,the,table,in,the,dining,room	0,1,0,0,0,0,0,0,0,0,0	0,0,0,0,1,0,0,0,0,0,0	0,1,0,0,1,0,0,0,0,0,0	0,0,0,0,1,0,0,0,0,0,0	0,1,0,0,1,0,0,0,0,0,0
290	2736.xml	Bringing	please,take,the,book,to,the,bathroom	0,1,0,0,0,0,0	0,0,0,0,1,0,0	0,1,0,0,1,0,0	0,0,0,0,1,0,0	0,1,0,0,1,0,0
291	2737.xml	Bringing	please,take,the,mug,to,the,bedroom	0,1,0,0,0,0,0	0,0,0,0,1,0,0	0,1,0,0,1,0,0	0,0,0,0,1,0,0	0,1,0,0,1,0,0
292	2738.xml	Motion	please,walk,slowly,to,the,kitchen	0,1,0,0,0,0	0,0,0,0,0,0	0,1,0,0,0,0	0,0,0,0,0,0	0,1,0,0,0,0
293	2739.xml	Placing	put,the,book,on,the,bed	1,0,0,0,0,0	0,0,0,1,0,0	1,0,0,1,0,0	0,0,0,1,0,0	1,0,0,1,0,0
294	2740.xml	Placing	put,the,bottle,on,the,table,in,the,dining,room	1,0,0,0,0,0,0,0,0,0	0,0,0,1,0,0,0,0,0,0	1,0,0,1,0,0,0,0,0,0	0,0,0,1,0,0,0,0,0,0	1,0,0,1,0,0,0,0,0,0
295	2741.xml	Placing	put,the,bottle,on,the,table,in,the,studio	1,0,0,0,0,0,0,0,0	0,0,0,1,0,0,0,0,0	1,0,0,1,0,0,0,0,0	0,0,0,1,0,0,0,0,0	1,0,0,1,0,0,0,0,0
296	2742.xml	Placing	put,the,phone,in,the,kitchen,stove	1,0,0,0,0,0,0	0,0,0,1,0,0,0	1,0,0,1,0,0,0	0,0,0,1,0,0,0	1,0,0,1,0,0,0
297	2743.xml	Placing	put,the,phone,on,the,table,in,the,dining,room	1,0,0,0,0,0,0,0,0,0	0,0,0,1,0,0,0,0,0,0	1,0,0,1,0,0,0,0,0,0	0,0,0,1,0,0,0,0,0,0	1,0,0,1,0,0,0,0,0,0
298	2744.xml	Searching	search,for,a,pillow,in,the,living,room	1,0,0,0,0,0,0,0	0,0,0,0,0,0,0,0	1,0,0,0,0,0,0,0	0,0,0,0,0,0,0,0	1,0,0,0,0,0,0,0
299	2745.xml	Motion	reach,martina,from,behind	1,0,0,0	0,0,0,0	1,0,0,0	0,0,0,0	1,0,0,0
300	2746.xml	Searching	search,for,the,bottle	1,0,0,0	0,0,0,0	1,0,0,0	0,0,0,0	1,0,0,0
301	2747.xml	Searching	search,for,the,stove,in,the,studio	1,0,0,0,0,0,0	0,0,0,0,0,0,0	1,0,0,0,0,0,0	0,0,0,0,0,0,0	1,0,0,0,0,0,0
302	2748.xml	Bringing	take,the,book,to,the,bedroom	1,0,0,0,0,0	0,0,0,1,0,0	1,0,0,1,0,0	0,0,0,1,0,0	1,0,0,1,0,0
303	2749.xml	Bringing	take,the,bottle,to,the,bedroom	1,0,0,0,0,0	0,0,0,1,0,0	1,0,0,1,0,0	0,0,0,1,0,0	1,0,0,1,0,0
304	2750.xml	Bringing	take,the,bottle,to,the,dining,room	1,0,0,0,0,0,0	0,0,0,1,0,0,0	1,0,0,1,0,0,0	0,0,0,1,0,0,0	1,0,0,1,0,0,0
305	2751.xml	Bringing	take,the,bottle,to,the,kitchen	1,0,0,0,0,0	0,0,0,1,0,0	1,0,0,1,0,0	0,0,0,1,0,0	1,0,0,1,0,0
306	2752.xml	Bringing	take,the,mobile,into,the,bedroom	1,0,0,0,0,0	0,0,0,1,0,0	1,0,0,1,0,0	0,0,0,1,0,0	1,0,0,1,0,0
307	2754.xml	Bringing	take,the,phone,to,the,bathroom	1,0,0,0,0,0	0,0,0,1,0,0	1,0,0,1,0,0	0,0,0,1,0,0	1,0,0,1,0,0
308	2755.xml	Bringing	take,the,phone,to,the,bedroom	1,0,0,0,0,0	0,0,0,1,0,0	1,0,0,1,0,0	0,0,0,1,0,0	1,0,0,1,0,0
309	2756.xml	Releasing	drop,the,phone,in,the,kitchen,fridge	1,0,0,0,0,0,0	0,0,0,0,0,0,0	1,0,0,0,0,0,0	0,0,0,0,0,0,0	1,0,0,0,0,0,0
310	2757.xml	Releasing	leave,the,book,in,the,bedroom	1,0,0,0,0,0	0,0,0,0,0,0	1,0,0,0,0,0	0,0,0,0,0,0	1,0,0,0,0,0
311	2758.xml	Giving	give,me,one,apple,from,the,table	1,0,0,0,0,0,0	0,0,0,0,0,0,0	1,0,0,0,0,0,0	0,0,0,0,0,0,0	1,0,0,0,0,0,0
312	2760.xml	Being_in_category	it,'s,a,diningroom,with,a,table,of,glass,in,it,with,six,chairs	0,1,0,0,0,0,0,0,0,0,0,0,0,0	0,0,0,0,0,0,0,0,0,0,0,0,0,0	0,1,0,0,0,0,0,0,0,0,0,0,0,0	0,0,0,0,0,0,0,0,0,0,0,0,0,0	0,1,0,0,0,0,0,0,0,0,0,0,0,0
313	2764.xml	Attaching	disconnect,from,the,router	1,0,0,0	0,0,0,0	1,0,0,0	0,0,0,0	1,0,0,0
314	3038.xml	Bringing	bring,me,a,glass,of,water	1,0,0,0,0,0	0,0,0,0,0,0	1,0,0,0,0,0	0,0,0,0,0,0	1,0,0,0,0,0
315	3039.xml	Bringing	bring,me,the,cereals,and,the,milk	1,0,0,0,0,0,0	0,0,0,0,0,0,0	1,0,0,0,0,0,0	0,0,0,0,0,0,0	1,0,0,0,0,0,0
316	3040.xml	Bringing	bring,me,the,cookie,jar	1,0,0,0,0	0,0,0,0,0	1,0,0,0,0	0,0,0,0,0	1,0,0,0,0
317	3041.xml	Bringing	bring,me,the,glasses	1,0,0,0	0,0,0,0	1,0,0,0	0,0,0,0	1,0,0,0
318	3042.xml	Bringing	bring,the,beers,here	1,0,0,0	0,0,0,0	1,0,0,0	0,0,0,0	1,0,0,0
319	3042.xml	Placing	put,them,on,the,table,next,to,the,couch	1,0,0,0,0,0,0,0,0	0,0,1,0,0,0,0,0,0	1,0,1,0,0,0,0,0,0	0,0,1,0,0,0,0,0,0	1,0,1,0,0,0,0,0,0
320	3043.xml	Bringing	bring,the,fruit,onto,the,dining,table	1,0,0,0,0,0,0	0,0,0,0,0,0,0	1,0,0,0,0,0,0	0,0,0,0,0,0,0	1,0,0,0,0,0,0
321	3044.xml	Bringing	bring,the,toilet,paper,to,the,bathroom	1,0,0,0,0,0,0	0,0,0,0,0,0,0	1,0,0,0,0,0,0	0,0,0,0,0,0,0	1,0,0,0,0,0,0
322	3045.xml	Bringing	bring,us,some,mustard	1,0,0,0	0,0,0,0	1,0,0,0	0,0,0,0	1,0,0,0
323	3046.xml	Bringing	can,you,bring,me,my,eyeglass	0,0,1,0,0,0	0,0,0,0,0,0	0,0,1,0,0,0	0,0,0,0,0,0	0,0,1,0,0,0
324	3046.xml	Searching	you,can,find,it,on,the,table,in,the,dining,room	0,0,1,0,0,0,0,0,0,0,0	0,0,0,0,0,0,0,0,0,0,0	0,0,1,0,0,0,0,0,0,0,0	0,0,0,0,0,0,0,0,0,0,0	0,0,1,0,0,0,0,0,0,0,0
325	3047.xml	Bringing	can,you,bring,me,my,tablet	0,0,1,0,0,0	0,0,0,0,0,0	0,0,1,0,0,0	0,0,0,0,0,0	0,0,1,0,0,0
326	3048.xml	Bringing	can,you,bring,the,glass,to,the,sink	0,0,1,0,0,0,0,0	0,0,0,0,0,0,0,0	0,0,1,0,0,0,0,0	0,0,0,0,0,0,0,0	0,0,1,0,0,0,0,0
327	3049.xml	Bringing	can,you,bring,the,mayo,over,here	0,0,1,0,0,0,0	0,0,0,0,0,0,0	0,0,1,0,0,0,0	0,0,0,0,0,0,0	0,0,1,0,0,0,0
328	3050.xml	Searching	can,you,find,a,red,t-shirt,in,the,dresser	0,0,1,0,0,0,0,0,0	0,0,0,0,0,0,0,0,0	0,0,1,0,0,0,0,0,0	0,0,0,0,0,0,0,0,0	0,0,1,0,0,0,0,0,0
329	3051.xml	Motion	can,you,go,to,the,kitchen	0,0,1,0,0,0	0,0,0,0,0,0	0,0,1,0,0,0	0,0,0,0,0,0	0,0,1,0,0,0
330	3051.xml	Searching	find,a,glass	1,0,0	0,0,0	1,0,0	0,0,0	1,0,0
331	3051.xml	Bringing	bring,it,to,me	1,0,0,0	0,0,0,0	1,0,0,0	0,0,0,0	1,0,0,0
332	3052.xml	Motion	can,you,move,a,little,bit,to,the,right	0,0,1,0,0,0,0,0,0	0,0,0,0,0,0,1,0,0	0,0,1,0,0,0,1,0,0	0,0,0,0,0,0,1,0,0	0,0,1,0,0,0,1,0,0
333	3053.xml	Searching	carefully,search,for,my,wallet	0,1,0,0,0	0,0,0,0,0	0,1,0,0,0	0,0,0,0,0	0,1,0,0,0
334	3054.xml	Motion	could,you,go,to,the,bedroom	0,0,1,0,0,0	0,0,0,0,0,0	0,0,1,0,0,0	0,0,0,0,0,0	0,0,1,0,0,0
335	3054.xml	Taking	take,the,postcard,on,the,nightstand	1,0,0,0,0,0	0,0,0,0,0,0	1,0,0,0,0,0	0,0,0,1,0,0	1,0,0,1,0,0
336	3055.xml	Bringing	could,you,please,bring,us,some,water	0,0,0,1,0,0,0	0,0,0,0,0,0,0	0,0,0,1,0,0,0	0,0,0,0,0,0,0	0,0,0,1,0,0,0
337	3056.xml	Taking	could,you,take,the,knife,on,the,cutting,board	0,0,1,0,0,0,0,0,0	0,0,0,0,0,0,0,0,0	0,0,1,0,0,0,0,0,0	0,0,0,0,0,1,0,0,0	0,0,1,0,0,1,0,0,0
338	3057.xml	Searching	do,you,think,you,can,find,my,wallet	0,0,0,0,0,1,0,0	0,0,0,0,0,0,0,0	0,0,0,0,0,1,0,0	0,0,0,0,0,0,0,0	0,0,0,0,0,1,0,0
339	3058.xml	Releasing	drop,the,vase	1,0,0	0,0,0	1,0,0	0,0,0	1,0,0
340	3059.xml	Searching	find,a,bottle,of,water	1,0,0,0,0	0,0,0,0,0	1,0,0,0,0	0,0,0,0,0	1,0,0,0,0
341	3060.xml	Searching	find,a,magazine	1,0,0	0,0,0	1,0,0	0,0,0	1,0,0
342	3061.xml	Searching	find,my,tablet	1,0,0	0,0,0	1,0,0	0,0,0	1,0,0
343	3062.xml	Searching	find,the,keys	1,0,0	0,0,0	1,0,0	0,0,0	1,0,0
344	3063.xml	Searching	find,the,wallet	1,0,0	0,0,0	1,0,0	0,0,0	1,0,0
345	3064.xml	Motion	go,close,to,the,window	1,0,0,0,0	0,0,0,0,0	1,0,0,0,0	0,0,0,0,0	1,0,0,0,0
346	3065.xml	Motion	go,in,front,of,the,poster	1,0,0,0,0,0	0,0,0,0,0,0	1,0,0,0,0,0	0,0,0,0,0,0	1,0,0,0,0,0
347	3066.xml	Motion	go,in,the,bathroom	1,0,0,0	0,0,0,0	1,0,0,0	0,0,0,0	1,0,0,0
348	3066.xml	Searching	find,the,newspaper	1,0,0	0,0,0	1,0,0	0,0,0	1,0,0
349	3067.xml	Motion	go,in,the,dining,room	1,0,0,0,0	0,0,0,0,0	1,0,0,0,0	0,0,0,0,0	1,0,0,0,0
350	3067.xml	Taking	remove,the,tablecloth	1,0,0	0,0,0	1,0,0	0,0,0	1,0,0
351	3068.xml	Motion	go,in,the,kitchen	1,0,0,0	0,0,0,0	1,0,0,0	0,0,0,0	1,0,0,0
352	3068.xml	Change_operational_state	switch,off,the,coffee,machine,and,the,dishwasher	1,0,0,0,0,0,0,0	0,0,0,0,0,0,0,0	1,0,0,0,0,0,0,0	0,0,0,0,0,0,0,0	1,0,0,0,0,0,0,0
353	3069.xml	Motion	go,near,the,lamp	1,0,0,0	0,0,0,0	1,0,0,0	0,0,0,0	1,0,0,0
354	3070.xml	Motion	go,near,the,window	1,0,0,0	0,0,0,0	1,0,0,0	0,0,0,0	1,0,0,0
355	3071.xml	Motion	go,next,to,the,door	1,0,0,0,0	0,0,0,0,0	1,0,0,0,0	0,0,0,0,0	1,0,0,0,0
356	3072.xml	Motion	go,next,to,the,tv,set	1,0,0,0,0,0	0,0,0,0,0,0	1,0,0,0,0,0	0,0,0,0,0,0	1,0,0,0,0,0
357	3073.xml	Motion	go,to,the,coffee,machine	1,0,0,0,0	0,0,0,0,0	1,0,0,0,0	0,0,0,0,0	1,0,0,0,0
358	3074.xml	Motion	go,to,the,dining,room	1,0,0,0,0	0,0,0,0,0	1,0,0,0,0	0,0,0,0,0	1,0,0,0,0
359	3074.xml	Taking	take,all,the,plates,from,the,table	1,0,0,0,0,0,0	0,0,0,0,0,0,0	1,0,0,0,0,0,0	0,0,0,0,1,0,0	1,0,0,0,1,0,0
360	3074.xml	Placing	put,them,in,the,dishwasher	1,0,0,0,0	0,0,1,0,0	1,0,1,0,0	0,0,1,0,0	1,0,1,0,0
361	3075.xml	Motion	go,to,the,garden	1,0,0,0	0,0,0,0	1,0,0,0	0,0,0,0	1,0,0,0
362	3076.xml	Motion	go,to,the,right,of,the,sofa	1,0,0,0,0,0,0	0,0,0,0,0,0,0	1,0,0,0,0,0,0	0,0,0,0,0,0,0	1,0,0,0,0,0,0
363	3077.xml	Taking	grab,the,beer,pack,near,the,kitchen,door	1,0,0,0,0,0,0,0	0,0,0,0,0,0,0,0	1,0,0,0,0,0,0,0	0,0,0,0,0,0,0,0	1,0,0,0,0,0,0,0
364	3078.xml	Taking	grab,the,book,with,the,blue,cover	1,0,0,0,0,0,0	0,0,0,0,0,0,0	1,0,0,0,0,0,0	0,0,0,0,0,0,0	1,0,0,0,0,0,0
365	3079.xml	Taking	grab,the,cake,plate	1,0,0,0	0,0,0,0	1,0,0,0	0,0,0,0	1,0,0,0
366	3080.xml	Taking	grab,the,key,lanyard	1,0,0,0	0,0,0,0	1,0,0,0	0,0,0,0	1,0,0,0
367	3081.xml	Taking	grab,this,mug	1,0,0	0,0,0	1,0,0	0,0,0	1,0,0
368	3083.xml	Searching	i,need,my,watch,find,it	0,0,0,0,1,0	0,0,0,0,0,0	0,0,0,0,1,0	0,0,0,0,0,0	0,0,0,0,1,0
369	3084.xml	Bringing	i,really,need,you,to,bring,me,my,aspirin	0,0,0,0,0,1,0,0,0	0,0,0,0,0,0,0,0,0	0,0,0,0,0,1,0,0,0	0,0,0,0,0,0,0,0,0	0,0,0,0,0,1,0,0,0
370	3084.xml	Being_located	it,is,in,one,of,the,drawers,of,the,bathroom	0,1,0,0,0,0,0,0,0,0	0,0,1,0,0,0,0,0,0,0	0,1,1,0,0,0,0,0,0,0	0,0,1,0,0,0,0,0,0,0	0,1,1,0,0,0,0,0,0,0
371	3085.xml	Bringing	i,want,some,fruit,bring,me,an,apple,or,an,orange	0,0,0,0,1,0,0,0,0,0,0	0,0,0,0,0,0,0,0,0,0,0	0,0,0,0,1,0,0,0,0,0,0	0,0,0,0,0,0,0,0,0,0,0	0,0,0,0,1,0,0,0,0,0,0
372	3086.xml	Taking	i,would,like,some,beer,can,you,grab,one,from,the,fridge	0,0,0,0,0,0,0,1,0,0,0,0	0,0,0,0,0,0,0,0,0,0,0,0	0,0,0,0,0,0,0,1,0,0,0,0	0,0,0,0,0,0,0,0,0,0,0,0	0,0,0,0,0,0,0,1,0,0,0,0
373	3086.xml	Bringing	bring,it,here	1,0,0	0,0,0	1,0,0	0,0,0	1,0,0
374	3087.xml	Releasing	let,go,of,the,pack,of,beer	1,1,0,0,0,0,0	0,0,0,0,0,0,0	1,1,0,0,0,0,0	0,0,0,0,0,0,0	1,1,0,0,0,0,0
375	3088.xml	Searching	look,for,a,blue,book,in,the,lounge	1,0,0,0,0,0,0,0	0,1,0,0,0,0,0,0	1,1,0,0,0,0,0,0	0,1,0,0,0,0,0,0	1,1,0,0,0,0,0,0
376	3089.xml	Searching	look,for,my,mobile,phone	1,0,0,0,0	0,1,0,0,0	1,1,0,0,0	0,1,0,0,0	1,1,0,0,0
377	3090.xml	Motion	move,along,the,wall	1,0,0,0	0,1,0,0	1,1,0,0	0,1,0,0	1,1,0,0
378	3091.xml	Motion	move,away,from,the,oven	1,0,0,0,0	0,0,1,0,0	1,0,1,0,0	0,1,1,0,0	1,1,1,0,0
379	3092.xml	Motion	move,to,bedroom	1,0,0	0,1,0	1,1,0	0,1,0	1,1,0
380	3093.xml	Motion	move,to,the,bedroom	1,0,0,0	0,1,0,0	1,1,0,0	0,1,0,0	1,1,0,0
381	3094.xml	Motion	move,to,the,dining,room	1,0,0,0,0	0,1,0,0,0	1,1,0,0,0	0,1,0,0,0	1,1,0,0,0
382	3095.xml	Searching	please,find,the,sunglasses	0,1,0,0	0,0,0,0	0,1,0,0	0,0,0,0	0,1,0,0
383	3096.xml	Searching	please,find,the,toilet,paper	0,1,0,0,0	0,0,0,0,0	0,1,0,0,0	0,0,0,0,0	0,1,0,0,0
384	3097.xml	Motion	please,move,along,the,fences	0,1,0,0,0	0,0,1,0,0	0,1,1,0,0	0,0,1,0,0	0,1,1,0,0
385	3098.xml	Placing	please,robot,put,the,pan,on,the,stove	0,0,1,0,0,0,0,0	0,0,0,0,0,1,0,0	0,0,1,0,0,1,0,0	0,0,0,0,0,1,0,0	0,0,1,0,0,1,0,0
386	3098.xml	Inspecting	control,it	1,0	0,0	1,0	0,0	1,0
387	3099.xml	Taking	please,take,some,pasta,from,the,kitchen,cabinet	0,1,0,0,0,0,0,0	0,0,0,0,0,0,0,0	0,1,0,0,0,0,0,0	0,0,0,0,1,0,0,0	0,1,0,0,1,0,0,0
388	3100.xml	Placing	put,down,the,newspaper	1,0,0,0	0,1,0,0	1,1,0,0	0,1,0,0	1,1,0,0
389	3101.xml	Placing	put,my,clothes,in,the,washing,machine	1,0,0,0,0,0,0	0,0,0,1,0,0,0	1,0,0,1,0,0,0	0,0,0,1,0,0,0	1,0,0,1,0,0,0
390	3102.xml	Placing	put,my,jacket,on,the,bed	1,0,0,0,0,0	0,0,0,1,0,0	1,0,0,1,0,0	0,0,0,1,0,0	1,0,0,1,0,0
391	3103.xml	Placing	put,the,baking,tray,in,the,oven	1,0,0,0,0,0,0	0,0,0,0,1,0,0	1,0,0,0,1,0,0	0,0,0,0,1,0,0	1,0,0,0,1,0,0
392	3104.xml	Placing	put,the,jacket,in,the,wardrobe	1,0,0,0,0,0	0,0,0,1,0,0	1,0,0,1,0,0	0,0,0,1,0,0	1,0,0,1,0,0
393	3105.xml	Placing	put,the,kettle,on,the,stove	1,0,0,0,0,0	0,0,0,1,0,0	1,0,0,1,0,0	0,0,0,1,0,0	1,0,0,1,0,0
394	3106.xml	Placing	put,the,milk,in,the,fridge	1,0,0,0,0,0	0,0,0,1,0,0	1,0,0,1,0,0	0,0,0,1,0,0	1,0,0,1,0,0
395	3107.xml	Placing	put,the,mobile,phone,in,the,nightstand	1,0,0,0,0,0,0	0,0,0,0,1,0,0	1,0,0,0,1,0,0	0,0,0,0,1,0,0	1,0,0,0,1,0,0
396	3108.xml	Placing	put,the,pillow,on,the,bed	1,0,0,0,0,0	0,0,0,1,0,0	1,0,0,1,0,0	0,0,0,1,0,0	1,0,0,1,0,0
397	3109.xml	Placing	put,the,pillow,on,the,chair	1,0,0,0,0,0	0,0,0,1,0,0	1,0,0,1,0,0	0,0,0,1,0,0	1,0,0,1,0,0
398	3110.xml	Placing	put,the,soap,on,the,bathroom,sink	1,0,0,0,0,0,0	0,0,0,1,0,0,0	1,0,0,1,0,0,0	0,0,0,1,0,0,0	1,0,0,1,0,0,0
399	3111.xml	Placing	put,this,book,on,the,bookshelf	1,0,0,0,0,0	0,0,0,1,0,0	1,0,0,1,0,0	0,0,0,1,0,0	1,0,0,1,0,0
400	3112.xml	Placing	put,this,pan,on,the,stove	1,0,0,0,0,0	0,0,0,1,0,0	1,0,0,1,0,0	0,0,0,1,0,0	1,0,0,1,0,0
401	3113.xml	Releasing	release,the,bag	1,0,0	0,0,0	1,0,0	0,0,0	1,0,0
402	3114.xml	Releasing	release,the,pot	1,0,0	0,0,0	1,0,0	0,0,0	1,0,0
403	3115.xml	Bringing	robot,can,you,bring,the,cornflakes,box,from,the,kitchen,table	0,0,0,1,0,0,0,0,0,0,0	0,0,0,0,0,0,0,0,0,0,0	0,0,0,1,0,0,0,0,0,0,0	0,0,0,0,0,0,0,0,0,0,0	0,0,0,1,0,0,0,0,0,0,0
404	3116.xml	Searching	robot,can,you,find,a,pack,of,napkins	0,0,0,1,0,0,0,0	0,0,0,0,0,0,0,0	0,0,0,1,0,0,0,0	0,0,0,0,0,0,0,0	0,0,0,1,0,0,0,0
405	3117.xml	Searching	robot,carefully,search,the,bedroom,for,my,mobile,phone	0,0,1,0,0,0,0,0,0	0,0,0,0,0,0,0,0,0	0,0,1,0,0,0,0,0,0	0,0,0,0,0,0,0,0,0	0,0,1,0,0,0,0,0,0
406	3118.xml	Motion	robot,could,you,move,near,the,table	0,0,0,1,0,0,0	0,0,0,0,1,0,0	0,0,0,1,1,0,0	0,0,0,0,1,0,0	0,0,0,1,1,0,0
407	3119.xml	Motion	robot,i,need,you,in,the,bathroom,go,there	0,0,0,0,0,0,0,1,0	0,0,0,0,0,0,0,0,0	0,0,0,0,0,0,0,1,0	0,0,0,0,0,0,0,0,0	0,0,0,0,0,0,0,1,0
408	3120.xml	Motion	robot,listen,go,into,the,bedroom	0,0,1,0,0,0	0,0,0,0,0,0	0,0,1,0,0,0	0,0,0,0,0,0	0,0,1,0,0,0
409	3120.xml	Searching	find,the,black,pen	1,0,0,0	0,0,0,0	1,0,0,0	0,0,0,0	1,0,0,0
410	3120.xml	Being_located	it,should,be,on,the,nightstand	0,0,1,0,0,0	0,0,0,1,0,0	0,0,1,1,0,0	0,0,0,1,0,0	0,0,1,1,0,0
411	3121.xml	Searching	robot,please,search,for,the,horn,glasses	0,0,1,0,0,0,0	0,0,0,0,0,0,0	0,0,1,0,0,0,0	0,0,0,0,0,0,0	0,0,1,0,0,0,0
412	3122.xml	Placing	robot,put,this,plate,in,the,center,of,the,table	0,1,0,0,0,0,0,0,0,0	0,0,0,0,1,0,0,0,0,0	0,1,0,0,1,0,0,0,0,0	0,0,0,0,1,0,0,0,0,0	0,1,0,0,1,0,0,0,0,0
413	3123.xml	Motion	robot,why,do,n't,you,go,around	0,0,0,0,0,1,0	0,0,0,0,0,0,0	0,0,0,0,0,1,0	0,0,0,0,0,0,0	0,0,0,0,0,1,0
414	3123.xml	Searching	search,for,my,hat	1,0,0,0	0,0,0,0	1,0,0,0	0,0,0,0	1,0,0,0
415	3124.xml	Searching	search,for,a,blue,plate	1,0,0,0,0	0,0,0,0,0	1,0,0,0,0	0,0,0,0,0	1,0,0,0,0
416	3125.xml	Searching	search,for,the,scissors,in,the,red,drawer	1,0,0,0,0,0,0,0	0,0,0,0,0,0,0,0	1,0,0,0,0,0,0,0	0,0,0,0,0,0,0,0	1,0,0,0,0,0,0,0
417	3126.xml	Searching	search,for,the,scissors	1,0,0,0	0,0,0,0	1,0,0,0	0,0,0,0	1,0,0,0
418	3126.xml	Being_located	they,should,be,in,the,blue,drawer	0,0,1,0,0,0,0	0,0,0,1,0,0,0	0,0,1,1,0,0,0	0,0,0,1,0,0,0	0,0,1,1,0,0,0
419	3127.xml	Searching	search,the,living,room,for,my,mobile,phone	1,0,0,0,0,0,0,0	0,0,0,0,0,0,0,0	1,0,0,0,0,0,0,0	0,0,0,0,0,0,0,0	1,0,0,0,0,0,0,0
420	3128.xml	Searching	search,the,living,room,for,the,remote,control	1,0,0,0,0,0,0,0	0,0,0,0,0,0,0,0	1,0,0,0,0,0,0,0	0,0,0,0,0,0,0,0	1,0,0,0,0,0,0,0
421	3129.xml	Motion	sorry,robot,can,you,go,to,the,kitchen	0,0,0,0,1,0,0,0	0,0,0,0,0,0,0,0	0,0,0,0,1,0,0,0	0,0,0,0,0,0,0,0	0,0,0,0,1,0,0,0
422	3129.xml	Change_operational_state	turn,on,the,coffee,machine	1,0,0,0,0	0,0,0,0,0	1,0,0,0,0	0,0,0,0,0	1,0,0,0,0
423	3130.xml	Taking	take,a,coffee,mug	1,0,0,0	0,0,0,0	1,0,0,0	0,0,0,0	1,0,0,0
424	3132.xml	Taking	take,my,trousers,on,the,bed	1,0,0,0,0,0	0,0,0,0,0,0	1,0,0,0,0,0	0,0,0,1,0,0	1,0,0,1,0,0
425	3132.xml	Placing	put,them,in,the,washing,machine	1,0,0,0,0,0	0,0,1,0,0,0	1,0,1,0,0,0	0,0,1,0,0,0	1,0,1,0,0,0
426	3133.xml	Taking	take,my,wristwatch	1,0,0	0,0,0	1,0,0	0,0,0	1,0,0
427	3134.xml	Taking	take,the,apple,jam,jar	1,0,0,0,0	0,0,0,0,0	1,0,0,0,0	0,0,0,0,0	1,0,0,0,0
428	3135.xml	Taking	take,the,beer,cans,in,the,kitchen	1,0,0,0,0,0,0	0,0,0,0,0,0,0	1,0,0,0,0,0,0	0,0,0,0,1,0,0	1,0,0,0,1,0,0
429	3136.xml	Taking	take,the,black,paperback,from,the,bookshelf	1,0,0,0,0,0,0	0,0,0,0,0,0,0	1,0,0,0,0,0,0	0,0,0,0,1,0,0	1,0,0,0,1,0,0
430	3137.xml	Taking	take,the,bottle,of,water,on,the,table	1,0,0,0,0,0,0,0	0,0,0,0,0,0,0,0	1,0,0,0,0,0,0,0	0,0,0,0,0,1,0,0	1,0,0,0,0,1,0,0
431	3138.xml	Taking	take,the,cereal,box	1,0,0,0	0,0,0,0	1,0,0,0	0,0,0,0	1,0,0,0
432	3139.xml	Taking	take,the,coffee,mugs,from,the,kitchen,cabinet	1,0,0,0,0,0,0,0	0,0,0,0,0,0,0,0	1,0,0,0,0,0,0,0	0,0,0,0,1,0,0,0	1,0,0,0,1,0,0,0
433	3139.xml	Placing	put,them,on,the,table	1,0,0,0,0	0,0,1,0,0	1,0,1,0,0	0,0,1,0,0	1,0,1,0,0
434	3140.xml	Taking	take,the,coke,that,is,in,the,kitchen	1,0,0,0,0,0,0,0	0,0,0,0,0,0,0,0	1,0,0,0,0,0,0,0	0,0,0,0,0,1,0,0	1,0,0,0,0,1,0,0
436	3141.xml	Taking	take,the,corn,can,on,the,kitchen,table	1,0,0,0,0,0,0,0	0,0,0,0,0,0,0,0	1,0,0,0,0,0,0,0	0,0,0,0,1,0,0,0	1,0,0,0,1,0,0,0
437	3142.xml	Taking	take,the,forks,from,the,dishwasher	1,0,0,0,0,0	0,0,0,0,0,0	1,0,0,0,0,0	0,0,0,1,0,0	1,0,0,1,0,0
438	3143.xml	Taking	take,the,glass,jar	1,0,0,0	0,0,0,0	1,0,0,0	0,0,0,0	1,0,0,0
439	3144.xml	Taking	take,the,knife,with,the,black,handle	1,0,0,0,0,0,0	0,0,0,0,0,0,0	1,0,0,0,0,0,0	0,0,0,0,0,0,0	1,0,0,0,0,0,0
440	3145.xml	Taking	take,the,magazine,that,is,in,the,bathroom	1,0,0,0,0,0,0,0	0,0,0,0,0,0,0,0	1,0,0,0,0,0,0,0	0,0,0,0,0,1,0,0	1,0,0,0,0,1,0,0
442	3146.xml	Taking	take,the,orange,juice,from,the,fridge	1,0,0,0,0,0,0	0,0,0,0,0,0,0	1,0,0,0,0,0,0	0,0,0,0,1,0,0	1,0,0,0,1,0,0
443	3147.xml	Taking	take,the,salt,box	1,0,0,0	0,0,0,0	1,0,0,0	0,0,0,0	1,0,0,0
444	3148.xml	Taking	take,three,coffee,cups	1,0,0,0	0,0,0,0	1,0,0,0	0,0,0,0	1,0,0,0
445	3148.xml	Bringing	bring,them,to,me	1,0,0,0	0,0,0,0	1,0,0,0	0,0,0,0	1,0,0,0
446	3150.xml	Being_located	there,are,some,napkins,on,the,kitchen,table	1,1,0,0,0,0,0,0	0,0,0,0,1,0,0,0	1,1,0,0,1,0,0,0	0,0,0,0,1,0,0,0	1,1,0,0,1,0,0,0
447	3150.xml	Bringing	can,you,bring,them,here	0,0,1,0,0	0,0,0,0,0	0,0,1,0,0	0,0,0,0,0	0,0,1,0,0
448	3151.xml	Being_located	there,are,some,plastic,bags,in,the,kitchen,drawer	1,1,0,0,0,0,0,0,0	0,0,0,0,0,1,0,0,0	1,1,0,0,0,1,0,0,0	0,0,0,0,0,1,0,0,0	1,1,0,0,0,1,0,0,0
449	3151.xml	Taking	can,you,take,one	0,0,1,0	0,0,0,0	0,0,1,0	0,0,0,0	0,0,1,0
450	3151.xml	Bringing	bring,it,here	1,0,0	0,0,0	1,0,0	0,0,0	1,0,0
451	3152.xml	Being_located	there,'s,a,wristwatch,on,the,couch,side,table	1,1,0,0,0,0,0,0,0	0,0,0,0,1,0,0,0,0	1,1,0,0,1,0,0,0,0	0,0,0,0,1,0,0,0,0	1,1,0,0,1,0,0,0,0
452	3152.xml	Bringing	can,you,bring,it,to,me	0,0,1,0,0,0	0,0,0,0,0,0	0,0,1,0,0,0	0,0,0,0,0,0	0,0,1,0,0,0
453	3153.xml	Being_located	there,'s,a,yellow,jacket,in,the,dining,room	1,1,0,0,0,0,0,0,0	0,0,0,0,0,1,0,0,0	1,1,0,0,0,1,0,0,0	0,0,0,0,0,1,0,0,0	1,1,0,0,0,1,0,0,0
454	3153.xml	Bringing	can,you,bring,it,to,me	0,0,1,0,0,0	0,0,0,0,0,0	0,0,1,0,0,0	0,0,0,0,0,0	0,0,1,0,0,0
455	3154.xml	Bringing	you,should,bring,me,the,brown,envelope,that,is,on,the,table	0,0,1,0,0,0,0,0,0,0,0,0	0,0,0,0,0,0,0,0,0,0,0,0	0,0,1,0,0,0,0,0,0,0,0,0	0,0,0,0,0,0,0,0,0,0,0,0	0,0,1,0,0,0,0,0,0,0,0,0
457	3272.xml	Bringing	bring,me,a,chair,from,the,studio	1,0,0,0,0,0,0	0,0,0,0,0,0,0	1,0,0,0,0,0,0	0,0,0,0,0,0,0	1,0,0,0,0,0,0
458	3273.xml	Bringing	bring,me,a,fork,from,the,press	1,0,0,0,0,0,0	0,0,0,0,0,0,0	1,0,0,0,0,0,0	0,0,0,0,0,0,0	1,0,0,0,0,0,0
459	3274.xml	Bringing	robot,can,you,bring,me,a,bath,towel	0,0,0,1,0,0,0,0	0,0,0,0,0,0,0,0	0,0,0,1,0,0,0,0	0,0,0,0,0,0,0,0	0,0,0,1,0,0,0,0
460	3275.xml	Bringing	robot,can,you,bring,me,a,magazine	0,0,0,1,0,0,0	0,0,0,0,0,0,0	0,0,0,1,0,0,0	0,0,0,0,0,0,0	0,0,0,1,0,0,0
461	3276.xml	Bringing	robot,can,you,bring,me,my,reading,glasses,from,the,bedroom	0,0,0,1,0,0,0,0,0,0,0	0,0,0,0,0,0,0,0,0,0,0	0,0,0,1,0,0,0,0,0,0,0	0,0,0,0,0,0,0,0,0,0,0	0,0,0,1,0,0,0,0,0,0,0
462	3277.xml	Closure	robot,can,you,open,the,cabinet	0,0,0,1,0,0	0,0,0,0,0,0	0,0,0,1,0,0	0,0,0,0,0,0	0,0,0,1,0,0
463	3278.xml	Change_operational_state	robot,can,you,start,my,laptop,computer	0,0,0,1,0,0,0	0,0,0,0,0,0,0	0,0,0,1,0,0,0	0,0,0,0,0,0,0	0,0,0,1,0,0,0
464	3279.xml	Change_operational_state	robot,can,you,turn,the,electric,oven,on	0,0,0,1,0,0,0,0	0,0,0,0,0,0,0,0	0,0,0,1,0,0,0,0	0,0,0,0,0,0,0,0	0,0,0,1,0,0,0,0
465	3280.xml	Giving	robot,can,you,pass,me,the,television,remote	0,0,0,1,0,0,0,0	0,0,0,0,0,0,0,0	0,0,0,1,0,0,0,0	0,0,0,0,0,0,0,0	0,0,0,1,0,0,0,0
466	3281.xml	Taking	take,the,laptop,near,the,table,of,the,dining,room	1,0,0,0,0,0,0,0,0,0	0,0,0,0,0,0,0,0,0,0	1,0,0,0,0,0,0,0,0,0	0,0,0,1,0,0,0,0,0,0	1,0,0,1,0,0,0,0,0,0
467	3283.xml	Taking	take,the,phone,near,the,table,at,your,right	1,0,0,0,0,0,0,0,0	0,0,0,0,0,0,0,0,0	1,0,0,0,0,0,0,0,0	0,0,0,1,0,0,0,0,0	1,0,0,1,0,0,0,0,0
468	3284.xml	Taking	take,the,mug,on,the,table,in,the,living,room	1,0,0,0,0,0,0,0,0,0	0,0,0,0,0,0,0,0,0,0	1,0,0,0,0,0,0,0,0,0	0,0,0,1,0,0,0,0,0,0	1,0,0,1,0,0,0,0,0,0
469	3285.xml	Taking	take,my,jacket,from,the,jacket,hook,in,my,bedroom	1,0,0,0,0,0,0,0,0,0	0,0,0,0,0,0,0,0,0,0	1,0,0,0,0,0,0,0,0,0	0,0,0,1,0,0,0,0,0,0	1,0,0,1,0,0,0,0,0,0
470	3287.xml	Bringing	bring,me,my,book,from,the,table	1,0,0,0,0,0,0	0,0,0,0,0,0,0	1,0,0,0,0,0,0	0,0,0,0,0,0,0	1,0,0,0,0,0,0
471	3288.xml	Bringing	bring,me,my,coat	1,0,0,0	0,0,0,0	1,0,0,0	0,0,0,0	1,0,0,0
472	3289.xml	Bringing	bring,me,my,towel	1,0,0,0	0,0,0,0	1,0,0,0	0,0,0,0	1,0,0,0
473	3290.xml	Bringing	bring,me,the,remote,control	1,0,0,0,0	0,0,0,0,0	1,0,0,0,0	0,0,0,0,0	1,0,0,0,0
474	3291.xml	Bringing	bring,me,the,towel,from,the,drawer	1,0,0,0,0,0,0	0,0,0,0,0,0,0	1,0,0,0,0,0,0	0,0,0,0,0,0,0	1,0,0,0,0,0,0
475	3292.xml	Bringing	bring,over,the,gray,folder	1,0,0,0,0	0,0,0,0,0	1,0,0,0,0	0,0,0,0,0	1,0,0,0,0
476	3293.xml	Bringing	bring,the,newspaper,to,the,studio	1,0,0,0,0,0	0,0,0,0,0,0	1,0,0,0,0,0	0,0,0,0,0,0	1,0,0,0,0,0
477	3294.xml	Bringing	bring,the,shampoo,to,the,shower	1,0,0,0,0,0	0,0,0,0,0,0	1,0,0,0,0,0	0,0,0,0,0,0	1,0,0,0,0,0
478	3295.xml	Bringing	bring,the,soap,to,the,shower	1,0,0,0,0,0	0,0,0,0,0,0	1,0,0,0,0,0	0,0,0,0,0,0	1,0,0,0,0,0
479	3296.xml	Bringing	can,you,please,take,out,the,garbage	0,0,0,1,0,0,0	0,0,0,0,1,0,0	0,0,0,1,1,0,0	0,0,0,0,1,0,0	0,0,0,1,1,0,0
480	3297.xml	Placing	can,you,put,the,detergent,in,the,washing,machine	0,0,1,0,0,0,0,0,0	0,0,0,0,0,1,0,0,0	0,0,1,0,0,1,0,0,0	0,0,0,0,0,1,0,0,0	0,0,1,0,0,1,0,0,0
481	3298.xml	Placing	can,you,put,the,soap,in,the,washing,machine	0,0,1,0,0,0,0,0,0	0,0,0,0,0,1,0,0,0	0,0,1,0,0,1,0,0,0	0,0,0,0,0,1,0,0,0	0,0,1,0,0,1,0,0,0
482	3299.xml	Change_operational_state	can,you,turn,the,shower,on	0,0,1,0,0,0	0,0,0,0,0,0	0,0,1,0,0,0	0,0,0,0,0,0	0,0,1,0,0,0
483	3300.xml	Change_operational_state	can,you,turn,the,taps,in,the,shower,on	0,0,1,0,0,0,0,0,0	0,0,0,0,0,0,0,0,0	0,0,1,0,0,0,0,0,0	0,0,0,0,0,0,0,0,0	0,0,1,0,0,0,0,0,0
484	3301.xml	Inspecting	check,if,the,stereo,is,on	1,0,0,0,0,0	0,0,0,0,0,0	1,0,0,0,0,0	0,0,0,0,0,0	1,0,0,0,0,0
485	3302.xml	Inspecting	check,if,there,'s,clothes,in,the,washing,machine	1,0,0,0,0,0,0,0,0	0,0,0,0,0,0,0,0,0	1,0,0,0,0,0,0,0,0	0,0,0,0,0,0,0,0,0	1,0,0,0,0,0,0,0,0
487	3303.xml	Inspecting	check,the,answer,machine,for,any,messages	1,0,0,0,0,0,0	0,0,0,0,0,0,0	1,0,0,0,0,0,0	0,0,0,0,0,0,0	1,0,0,0,0,0,0
488	3304.xml	Closure	close,the,curtains,in,the,living,room	1,0,0,0,0,0,0	0,0,0,0,0,0,0	1,0,0,0,0,0,0	0,0,0,0,0,0,0	1,0,0,0,0,0,0
489	3305.xml	Bringing	could,you,bring,my,water,into,the,bedroom	0,0,1,0,0,0,0,0	0,0,0,0,0,0,0,0	0,0,1,0,0,0,0,0	0,0,0,0,0,0,0,0	0,0,1,0,0,0,0,0
490	3306.xml	Closure	could,you,close,the,shutters	0,0,1,0,0	0,0,0,0,0	0,0,1,0,0	0,0,0,0,0	0,0,1,0,0
491	3307.xml	Placing	could,you,hang,my,clothes,on,the,cloth,horse	0,0,1,0,0,0,0,0,0	0,0,0,0,0,0,0,0,0	0,0,1,0,0,0,0,0,0	0,0,0,0,0,0,0,0,0	0,0,1,0,0,0,0,0,0
492	3308.xml	Taking	could,you,pick,up,the,telephone	0,0,1,1,0,0	0,0,0,0,0,0	0,0,1,1,0,0	0,0,0,0,0,0	0,0,1,1,0,0
493	3309.xml	Change_operational_state	could,you,please,turn,on,the,tv	0,0,0,1,0,0,0	0,0,0,0,0,0,0	0,0,0,1,0,0,0	0,0,0,0,0,0,0	0,0,0,1,0,0,0
494	3310.xml	Placing	could,you,put,my,clothes,on,the,washing,line	0,0,1,0,0,0,0,0,0	0,0,0,0,0,1,0,0,0	0,0,1,0,0,1,0,0,0	0,0,0,0,0,1,0,0,0	0,0,1,0,0,1,0,0,0
495	3311.xml	Placing	could,you,put,the,vase,on,the,coffee,table	0,0,1,0,0,0,0,0,0	0,0,0,0,0,1,0,0,0	0,0,1,0,0,1,0,0,0	0,0,0,0,0,1,0,0,0	0,0,1,0,0,1,0,0,0
496	3312.xml	Placing	could,you,put,the,vase,on,the,table	0,0,1,0,0,0,0,0	0,0,0,0,0,1,0,0	0,0,1,0,0,1,0,0	0,0,0,0,0,1,0,0	0,0,1,0,0,1,0,0
497	3313.xml	Change_operational_state	could,you,switch,on,my,laptop	0,0,1,0,0,0	0,0,0,0,0,0	0,0,1,0,0,0	0,0,0,0,0,0	0,0,1,0,0,0
498	3314.xml	Change_operational_state	could,you,turn,on,my,pc	0,0,1,0,0,0	0,0,0,0,0,0	0,0,1,0,0,0	0,0,0,0,0,0	0,0,1,0,0,0
499	3315.xml	Change_operational_state	could,you,turn,on,the,television	0,0,1,0,0,0	0,0,0,0,0,0	0,0,1,0,0,0	0,0,0,0,0,0	0,0,1,0,0,0
500	3316.xml	Searching	find,the,bottle,of,water	1,0,0,0,0	0,0,0,0,0	1,0,0,0,0	0,0,0,0,0	1,0,0,0,0
501	3317.xml	Searching	find,the,magazine	1,0,0	0,0,0	1,0,0	0,0,0	1,0,0
502	3317.xml	Placing	put,it,on,the,table	1,0,0,0,0	0,0,1,0,0	1,0,1,0,0	0,0,1,0,0	1,0,1,0,0
503	3318.xml	Searching	find,the,towel	1,0,0	0,0,0	1,0,0	0,0,0	1,0,0
504	3319.xml	Following	follow,me,to,the,bathroom	1,0,0,0,0	0,0,0,0,0	1,0,0,0,0	0,0,0,0,0	1,0,0,0,0
505	3320.xml	Taking	get,a,fork,from,the,drawer	1,0,0,0,0,0	0,0,0,1,0,0	1,0,0,1,0,0	0,0,0,1,0,0	1,0,0,1,0,0
506	3321.xml	Bringing	get,me,my,catalogue,on,the,bedside,table	1,0,0,0,0,0,0,0	0,0,0,0,1,0,0,0	1,0,0,0,1,0,0,0	0,1,0,0,1,0,0,0	1,1,0,0,1,0,0,0
507	3322.xml	Bringing	get,me,my,jacket	1,0,0,0	0,0,0,0	1,0,0,0	0,1,0,0	1,1,0,0
508	3323.xml	Bringing	get,me,my,towel	1,0,0,0	0,0,0,0	1,0,0,0	0,1,0,0	1,1,0,0
509	3324.xml	Taking	get,my,computer,from,the,seat	1,0,0,0,0,0	0,0,0,1,0,0	1,0,0,1,0,0	0,0,0,1,0,0	1,0,0,1,0,0
510	3325.xml	Motion	go,straight,to,the,living,room	1,0,0,0,0,0	0,0,0,0,0,0	1,0,0,0,0,0	0,0,0,0,0,0	1,0,0,0,0,0
511	3326.xml	Motion	go,to,the,couch	1,0,0,0	0,0,0,0	1,0,0,0	0,0,0,0	1,0,0,0
512	3326.xml	Bringing	bring,me,my,laptop	1,0,0,0	0,0,0,0	1,0,0,0	0,0,0,0	1,0,0,0
513	3327.xml	Motion	go,to,the,laundry,room	1,0,0,0,0	0,0,0,0,0	1,0,0,0,0	0,0,0,0,0	1,0,0,0,0
514	3328.xml	Motion	go,to,the,telephone	1,0,0,0	0,0,0,0	1,0,0,0	0,0,0,0	1,0,0,0
515	3328.xml	Inspecting	check,for,any,messages	1,0,0,0	0,0,0,0	1,0,0,0	0,0,0,0	1,0,0,0
516	3329.xml	Bringing	i,need,some,toilet,paper,can,you,get,me,some	0,0,0,0,0,0,0,1,0,0	0,0,0,0,0,0,0,0,0,0	0,0,0,0,0,0,0,1,0,0	0,0,0,0,0,0,0,0,1,0	0,0,0,0,0,0,0,1,1,0
517	3330.xml	Bringing	i,need,some,utensils,could,you,take,me,some	0,0,0,0,0,0,1,0,0	0,0,0,0,0,0,0,0,0	0,0,0,0,0,0,1,0,0	0,0,0,0,0,0,0,1,0	0,0,0,0,0,0,1,1,0
518	3331.xml	Change_operational_state	i,want,to,go,to,sleep,turn,off,the,light	0,0,0,0,0,0,1,0,0,0	0,0,0,0,0,0,0,0,0,0	0,0,0,0,0,0,1,0,0,0	0,0,0,0,0,0,0,0,0,0	0,0,0,0,0,0,1,0,0,0
519	3332.xml	Change_operational_state	i,want,to,jump,in,the,shower,can,you,turn,it,on	0,0,0,0,0,0,0,0,0,1,0,0	0,0,0,0,0,0,0,0,0,0,0,0	0,0,0,0,0,0,0,0,0,1,0,0	0,0,0,0,0,0,0,0,0,0,0,0	0,0,0,0,0,0,0,0,0,1,0,0
520	3333.xml	Bringing	i,want,to,watch,tv,bring,me,the,remote	0,0,0,0,0,1,0,0,0	0,0,0,0,0,0,0,0,0	0,0,0,0,0,1,0,0,0	0,0,0,0,0,0,0,0,0	0,0,0,0,0,1,0,0,0
521	3334.xml	Bringing	i,would,like,some,cutlery,can,you,get,me,some	0,0,0,0,0,0,0,1,0,0	0,0,0,0,0,0,0,0,0,0	0,0,0,0,0,0,0,1,0,0	0,0,0,0,0,0,0,0,1,0	0,0,0,0,0,0,0,1,1,0
522	3335.xml	Bringing	i,would,like,some,loo,roll,can,you,get,me,some,loo,roll	0,0,0,0,0,0,0,0,1,0,0,0,0	0,0,0,0,0,0,0,0,0,0,0,0,0	0,0,0,0,0,0,0,0,1,0,0,0,0	0,0,0,0,0,0,0,0,0,1,0,0,0	0,0,0,0,0,0,0,0,1,1,0,0,0
523	3336.xml	Bringing	i,would,like,to,read,an,architecture,magazine,can,you,bring,me,one	0,0,0,0,0,0,0,0,0,0,1,0,0	0,0,0,0,0,0,0,0,0,0,0,0,0	0,0,0,0,0,0,0,0,0,0,1,0,0	0,0,0,0,0,0,0,0,0,0,0,0,0	0,0,0,0,0,0,0,0,0,0,1,0,0
524	3337.xml	Change_operational_state	i,'d,really,like,to,take,a,shower,could,you,turn,the,shower,on	0,0,0,0,0,0,0,0,0,0,1,0,0,0	0,0,0,0,0,0,0,0,0,0,0,0,0,0	0,0,0,0,0,0,0,0,0,0,1,0,0,0	0,0,0,0,0,0,0,0,0,0,0,0,0,0	0,0,0,0,0,0,0,0,0,0,1,0,0,0
525	3338.xml	Motion	i,'m,hungry,go,to,the,kitchen	0,0,0,1,0,0,0	0,0,0,0,0,0,0	0,0,0,1,0,0,0	0,0,0,0,0,0,0	0,0,0,1,0,0,0
526	3339.xml	Change_operational_state	i,'m,tired,switch,off,the,light	0,0,0,1,0,0,0	0,0,0,0,0,0,0	0,0,0,1,0,0,0	0,0,0,0,0,0,0	0,0,0,1,0,0,0
527	3340.xml	Taking	let,'s,go,get,my,book,in,the,living,room	0,0,0,1,0,0,0,0,0,0	0,0,0,0,0,0,1,0,0,0	0,0,0,1,0,0,1,0,0,0	0,0,0,0,0,0,1,0,0,0	0,0,0,1,0,0,1,0,0,0
528	3341.xml	Motion	let,'s,go,to,the,guest,bedroom	0,0,1,0,0,0,0	0,0,0,0,0,0,0	0,0,1,0,0,0,0	0,0,0,0,0,0,0	0,0,1,0,0,0,0
529	3342.xml	Motion	let,'s,go,to,the,laundry,room	0,0,1,0,0,0,0	0,0,0,0,0,0,0	0,0,1,0,0,0,0	0,0,0,0,0,0,0	0,0,1,0,0,0,0
530	3343.xml	Bringing	let,'s,take,the,soap,to,the,kitchen	0,0,1,0,0,0,0,0	0,0,0,0,0,1,0,0	0,0,1,0,0,1,0,0	0,0,0,0,0,1,0,0	0,0,1,0,0,1,0,0
531	3344.xml	Searching	look,for,the,towel	1,0,0,0	0,1,0,0	1,1,0,0	0,1,0,0	1,1,0,0
532	3345.xml	Closure	open,the,press	1,0,0	0,0,0	1,0,0	0,0,0	1,0,0
533	3346.xml	Closure	please,close,the,blinds	0,1,0,0	0,0,0,0	0,1,0,0	0,0,0,0	0,1,0,0
534	3347.xml	Closure	please,open,the,pantry	0,1,0,0	0,0,0,0	0,1,0,0	0,0,0,0	0,1,0,0
535	3348.xml	Closure	please,open,the,storage,cupboard	0,1,0,0,0	0,0,0,0,0	0,1,0,0,0	0,0,0,0,0	0,1,0,0,0
536	3349.xml	Taking	please,pick,up,the,phone	0,1,1,0,0	0,0,0,0,0	0,1,1,0,0	0,0,0,0,0	0,1,1,0,0
537	3350.xml	Bringing	please,take,my,trash,to,the,laundry,room	0,1,0,0,0,0,0,0	0,0,0,0,1,0,0,0	0,1,0,0,1,0,0,0	0,0,0,0,1,0,0,0	0,1,0,0,1,0,0,0
538	3351.xml	Placing	put,the,bottle,in,the,bin	1,0,0,0,0,0	0,0,0,1,0,0	1,0,0,1,0,0	0,0,0,1,0,0	1,0,0,1,0,0
539	3352.xml	Placing	put,the,can,in,the,bin	1,0,0,0,0,0	0,0,0,1,0,0	1,0,0,1,0,0	0,0,0,1,0,0	1,0,0,1,0,0
540	3353.xml	Placing	put,the,can,in,the,trash	1,0,0,0,0,0	0,0,0,1,0,0	1,0,0,1,0,0	0,0,0,1,0,0	1,0,0,1,0,0
541	3354.xml	Placing	put,the,cup,in,the,sink	1,0,0,0,0,0	0,0,0,1,0,0	1,0,0,1,0,0	0,0,0,1,0,0	1,0,0,1,0,0
542	3355.xml	Placing	put,the,plate,on,the,counter	1,0,0,0,0,0	0,0,0,1,0,0	1,0,0,1,0,0	0,0,0,1,0,0	1,0,0,1,0,0
543	3356.xml	Bringing	robot,can,you,bring,me,a,towel	0,0,0,1,0,0,0	0,0,0,0,0,0,0	0,0,0,1,0,0,0	0,0,0,0,0,0,0	0,0,0,1,0,0,0
544	3357.xml	Bringing	robot,can,you,bring,me,the,phone	0,0,0,1,0,0,0	0,0,0,0,0,0,0	0,0,0,1,0,0,0	0,0,0,0,0,0,0	0,0,0,1,0,0,0
545	3358.xml	Bringing	robot,can,you,bring,me,the,telephone	0,0,0,1,0,0,0	0,0,0,0,0,0,0	0,0,0,1,0,0,0	0,0,0,0,0,0,0	0,0,0,1,0,0,0
546	3359.xml	Motion	robot,can,you,come,to,the,studio	0,0,0,1,0,0,0	0,0,0,0,1,0,0	0,0,0,1,1,0,0	0,0,0,0,1,0,0	0,0,0,1,1,0,0
547	3360.xml	Closure	robot,can,you,fully,lower,the,window,blinds	0,0,0,0,1,0,0,0	0,0,0,0,0,0,0,0	0,0,0,0,1,0,0,0	0,0,0,0,0,0,0,0	0,0,0,0,1,0,0,0
548	3361.xml	Bringing	robot,can,you,get,me,a,glass,of,water,from,the,kitchen	0,0,0,1,0,0,0,0,0,0,0,0	0,0,0,0,0,0,0,0,0,1,0,0	0,0,0,1,0,0,0,0,0,1,0,0	0,0,0,0,1,0,0,0,0,1,0,0	0,0,0,1,1,0,0,0,0,1,0,0
549	3362.xml	Closure	robot,can,you,open,the,laundry,room,cabinet	0,0,0,1,0,0,0,0	0,0,0,0,0,0,0,0	0,0,0,1,0,0,0,0	0,0,0,0,0,0,0,0	0,0,0,1,0,0,0,0
550	3363.xml	Closure	robot,can,you,open,the,washer	0,0,0,1,0,0	0,0,0,0,0,0	0,0,0,1,0,0	0,0,0,0,0,0	0,0,0,1,0,0
551	3364.xml	Closure	robot,can,you,open,the,washing,machine	0,0,0,1,0,0,0	0,0,0,0,0,0,0	0,0,0,1,0,0,0	0,0,0,0,0,0,0	0,0,0,1,0,0,0
552	3365.xml	Giving	robot,can,you,pass,me,a,plastic,plate	0,0,0,1,0,0,0,0	0,0,0,0,0,0,0,0	0,0,0,1,0,0,0,0	0,0,0,0,0,0,0,0	0,0,0,1,0,0,0,0
553	3366.xml	Giving	robot,can,you,pass,me,a,plate	0,0,0,1,0,0,0	0,0,0,0,0,0,0	0,0,0,1,0,0,0	0,0,0,0,0,0,0	0,0,0,1,0,0,0
554	3367.xml	Giving	robot,can,you,pass,me,the,remote,for,the,television	0,0,0,1,0,0,0,0,0,0	0,0,0,0,0,0,0,0,0,0	0,0,0,1,0,0,0,0,0,0	0,0,0,0,0,0,0,0,0,0	0,0,0,1,0,0,0,0,0,0
555	3368.xml	Closure	robot,can,you,put,the,blinds,all,the,way,down	0,0,0,1,0,0,0,0,0,0	0,0,0,0,0,0,0,0,0,1	0,0,0,1,0,0,0,0,0,1	0,0,0,0,0,0,0,0,0,1	0,0,0,1,0,0,0,0,0,1
556	3369.xml	Change_operational_state	robot,can,you,put,the,tv,on	0,0,0,1,0,0,0	0,0,0,0,0,0,1	0,0,0,1,0,0,1	0,0,0,0,0,0,1	0,0,0,1,0,0,1
557	3370.xml	Bringing	robot,can,you,take,me,to,the,laundry,room	0,0,0,1,0,0,0,0,0	0,0,0,0,0,1,0,0,0	0,0,0,1,0,1,0,0,0	0,0,0,0,1,1,0,0,0	0,0,0,1,1,1,0,0,0
558	3371.xml	Change_operational_state	robot,can,you,turn,my,laptop,on	0,0,0,1,0,0,0	0,0,0,0,0,0,0	0,0,0,1,0,0,0	0,0,0,0,0,0,0	0,0,0,1,0,0,0
559	3372.xml	Change_operational_state	robot,can,you,turn,the,oven,on	0,0,0,1,0,0,0	0,0,0,0,0,0,0	0,0,0,1,0,0,0	0,0,0,0,0,0,0	0,0,0,1,0,0,0
560	3373.xml	Change_operational_state	robot,can,you,turn,the,television,on	0,0,0,1,0,0,0	0,0,0,0,0,0,0	0,0,0,1,0,0,0	0,0,0,0,0,0,0	0,0,0,1,0,0,0
561	3374.xml	Following	robot,come,with,me,to,the,living,room	0,1,0,0,0,0,0,0	0,0,0,0,1,0,0,0	0,1,0,0,1,0,0,0	0,0,1,0,1,0,0,0	0,1,1,0,1,0,0,0
562	3375.xml	Inspecting	see,if,the,radio,is,on	1,0,0,0,0,0	0,0,0,0,0,0	1,0,0,0,0,0	0,0,0,0,0,0	1,0,0,0,0,0
563	3376.xml	Inspecting	see,if,the,washing,machine,is,empty	1,0,0,0,0,0,0	0,0,0,0,0,0,0	1,0,0,0,0,0,0	0,0,0,0,0,0,0	1,0,0,0,0,0,0
564	3377.xml	Change_operational_state	shut,off,the,boiler	1,0,0,0	0,0,0,0	1,0,0,0	0,0,0,0	1,0,0,0
565	3378.xml	Change_operational_state	stop,the,tap	1,0,0	0,0,0	1,0,0	0,0,0	1,0,0
566	3379.xml	Change_operational_state	switch,on,the,tv	1,0,0,0	0,0,0,0	1,0,0,0	0,0,0,0	1,0,0,0
567	3380.xml	Taking	take,the,bottle,from,the,table	1,0,0,0,0,0	0,0,0,0,0,0	1,0,0,0,0,0	0,0,0,1,0,0	1,0,0,1,0,0
568	3381.xml	Taking	take,the,newspaper,from,the,stand	1,0,0,0,0,0	0,0,0,0,0,0	1,0,0,0,0,0	0,0,0,1,0,0	1,0,0,1,0,0
569	3381.xml	Placing	put,it,on,the,coffee,table	1,0,0,0,0,0	0,0,1,0,0,0	1,0,1,0,0,0	0,0,1,0,0,0	1,0,1,0,0,0
570	3382.xml	Bringing	take,the,tray,to,the,bedroom	1,0,0,0,0,0	0,0,0,1,0,0	1,0,0,1,0,0	0,0,0,1,0,0	1,0,0,1,0,0
571	3383.xml	Bringing	the,trash,needs,to,go,out,could,you,take,it,out	0,0,0,0,0,0,0,0,1,0,0	0,0,0,0,0,0,0,0,0,0,1	0,0,0,0,0,0,0,0,1,0,1	0,0,0,0,0,0,0,0,0,0,1	0,0,0,0,0,0,0,0,1,0,1
572	3384.xml	Change_operational_state	turn,off,the,boiler	1,0,0,0	0,0,0,0	1,0,0,0	0,0,0,0	1,0,0,0
573	3385.xml	Change_operational_state	turn,off,the,light	1,0,0,0	0,0,0,0	1,0,0,0	0,0,0,0	1,0,0,0
574	3385.xml	Change_operational_state	turn,off,the,computer	1,0,0,0	0,0,0,0	1,0,0,0	0,0,0,0	1,0,0,0
575	3386.xml	Change_operational_state	turn,off,the,tap	1,0,0,0	0,0,0,0	1,0,0,0	0,0,0,0	1,0,0,0
576	3387.xml	Change_operational_state	turn,on,the,heating	1,0,0,0	0,0,0,0	1,0,0,0	0,0,0,0	1,0,0,0
577	3388.xml	Change_operational_state	turn,on,the,light	1,0,0,0	0,0,0,0	1,0,0,0	0,0,0,0	1,0,0,0
578	3388.xml	Motion	go,to,the,computer	1,0,0,0	0,0,0,0	1,0,0,0	0,0,0,0	1,0,0,0
579	3389.xml	Change_operational_state	turn,on,the,television	1,0,0,0	0,0,0,0	1,0,0,0	0,0,0,0	1,0,0,0
580	3390.xml	Change_operational_state	turn,on,the,thermostat	1,0,0,0	0,0,0,0	1,0,0,0	0,0,0,0	1,0,0,0
581	3391.xml	Change_operational_state	restart,the,wifi	1,0,0	0,0,0	1,0,0	0,0,0	1,0,0
582	3393.xml	Placing	hang,my,coat,in,the,closet,in,my,bedroom	1,0,0,0,0,0,0,0,0	0,0,0,0,0,0,0,0,0	1,0,0,0,0,0,0,0,0	0,0,0,0,0,0,0,0,0	1,0,0,0,0,0,0,0,0
583	3395.xml	Bringing	michael,carry,me,the,phone,that,is,on,the,glass,table,in,the,dining,room	0,1,0,0,0,0,0,0,0,0,0,0,0,0,0	0,0,0,0,0,0,0,0,0,0,0,0,0,0,0	0,1,0,0,0,0,0,0,0,0,0,0,0,0,0	0,0,0,0,0,0,0,0,0,0,0,0,0,0,0	0,1,0,0,0,0,0,0,0,0,0,0,0,0,0
